prefix,thld_delta,thld_max,instance,tau_star_val,succ_trials,total_trials,Ps_hat,TTS_at_tau_star
kRkX_n12,0.0006,28.0,1,149,18,200,0.09,7275.637940043295
kRkX_n12,0.0006,28.0,2,149,14,200,0.07,9455.199212082607
kRkX_n12,0.0006,28.0,3,149,10,200,0.05,13377.38910914574
kRkX_n12,0.0006,28.0,4,149,10,200,0.05,13377.38910914574
kRkX_n12,0.0006,28.0,5,149,0,200,0.0,inf
kRkX_n12,0.0006,28.0,6,149,9,200,0.045,14902.512253404646
kRkX_n12,0.0006,28.0,7,149,5,200,0.025,27102.281450985218
kRkX_n12,0.0006,28.0,8,149,14,200,0.07,9455.199212082607
kRkX_n12,0.0006,28.0,9,149,10,200,0.05,13377.38910914574
kRkX_n12,0.0006,28.0,10,149,4,200,0.02,33964.27750637112
kRkX_n12,0.0006,28.0,11,149,0,200,0.0,inf
kRkX_n12,0.0006,28.0,12,149,0,200,0.0,inf
kRkX_n12,0.0006,28.0,13,149,4,200,0.02,33964.27750637112
kRkX_n12,0.0006,28.0,14,149,0,200,0.0,inf
kRkX_n12,0.0006,28.0,15,149,0,200,0.0,inf
kRkX_n12,0.0006,28.0,16,149,12,200,0.06,11089.549586431918
kRkX_n12,0.0006,28.0,17,149,15,200,0.075,8801.395467261302
kRkX_n12,0.0006,28.0,18,149,0,200,0.0,inf
kRkX_n12,0.0006,28.0,19,149,8,200,0.04,16808.839591895972
kRkX_n12,0.0006,28.0,20,149,11,200,0.055,12129.50493781175
kRkX_n12,0.0006,28.0,21,149,12,200,0.06,11089.549586431918
kRkX_n12,0.0006,28.0,22,149,0,200,0.0,inf
kRkX_n12,0.0006,28.0,23,149,8,200,0.04,16808.839591895972
kRkX_n12,0.0006,28.0,24,149,6,200,0.03,22527.51842137401
kRkX_n12,0.0006,28.0,25,149,0,200,0.0,inf
kRkX_n12,0.0006,28.0,26,149,10,200,0.05,13377.38910914574
kRkX_n12,0.0006,28.0,27,149,0,200,0.0,inf
kRkX_n12,0.0006,28.0,28,149,9,200,0.045,14902.512253404646
kRkX_n12,0.0006,28.0,29,149,0,200,0.0,inf
kRkX_n12,0.0006,28.0,30,149,6,200,0.03,22527.51842137401
kRkX_n12,0.0006,28.0,31,149,9,200,0.045,14902.512253404646
kRkX_n12,0.0006,28.0,32,149,28,200,0.14,4549.510746808657
kRkX_n12,0.0006,28.0,33,149,0,200,0.0,inf
kRkX_n12,0.0006,28.0,34,149,0,200,0.0,inf
kRkX_n12,0.0006,28.0,35,149,8,200,0.04,16808.839591895972
kRkX_n12,0.0006,28.0,36,149,0,200,0.0,inf
kRkX_n12,0.0006,28.0,37,149,15,200,0.075,8801.395467261302
kRkX_n12,0.0006,28.0,38,149,6,200,0.03,22527.51842137401
kRkX_n12,0.0006,28.0,39,149,0,200,0.0,inf
kRkX_n12,0.0006,28.0,40,149,7,200,0.035,19259.745034676707
kRkX_n12,0.0006,28.0,41,149,9,200,0.045,14902.512253404646
kRkX_n12,0.0006,28.0,42,149,13,200,0.065,10209.539097840085
kRkX_n12,0.0006,28.0,43,149,0,200,0.0,inf
kRkX_n12,0.0006,28.0,44,149,5,200,0.025,27102.281450985218
kRkX_n12,0.0006,28.0,45,149,12,200,0.06,11089.549586431918
kRkX_n12,0.0006,28.0,46,149,6,200,0.03,22527.51842137401
kRkX_n12,0.0006,28.0,47,149,21,200,0.105,6185.528747069945
kRkX_n12,0.0006,28.0,48,149,0,200,0.0,inf
kRkX_n12,0.0006,28.0,49,149,0,200,0.0,inf
kRkX_n12,0.0006,28.0,50,149,0,200,0.0,inf
kRkX_n12,0.0006,28.0,51,149,12,200,0.06,11089.549586431918
kRkX_n12,0.0006,28.0,52,149,0,200,0.0,inf
kRkX_n12,0.0006,28.0,53,149,5,200,0.025,27102.281450985218
kRkX_n12,0.0006,28.0,54,149,8,200,0.04,16808.839591895972
kRkX_n12,0.0006,28.0,55,149,5,200,0.025,27102.281450985218
kRkX_n12,0.0006,28.0,56,149,14,200,0.07,9455.199212082607
kRkX_n12,0.0006,28.0,57,149,16,200,0.08,8229.277012557908
kRkX_n12,0.0006,28.0,58,149,0,200,0.0,inf
kRkX_n12,0.0006,28.0,59,149,9,200,0.045,14902.512253404646
kRkX_n12,0.0006,28.0,60,149,5,200,0.025,27102.281450985218
kRkX_n12,0.0006,28.0,61,149,3,200,0.015,45400.74112772707
kRkX_n12,0.0006,28.0,62,149,16,200,0.08,8229.277012557908
kRkX_n12,0.0006,28.0,63,149,8,200,0.04,16808.839591895972
kRkX_n12,0.0006,28.0,64,149,0,200,0.0,inf
kRkX_n12,0.0006,28.0,65,149,0,200,0.0,inf
kRkX_n12,0.0006,28.0,66,149,4,200,0.02,33964.27750637112
kRkX_n12,0.0006,28.0,67,149,0,200,0.0,inf
kRkX_n12,0.0006,28.0,68,149,6,200,0.03,22527.51842137401
kRkX_n12,0.0006,28.0,69,149,8,200,0.04,16808.839591895972
kRkX_n12,0.0006,28.0,70,149,8,200,0.04,16808.839591895972
kRkX_n12,0.0006,28.0,71,149,3,200,0.015,45400.74112772707
kRkX_n12,0.0006,28.0,72,149,10,200,0.05,13377.38910914574
kRkX_n12,0.0006,28.0,73,149,7,200,0.035,19259.745034676707
kRkX_n12,0.0006,28.0,74,149,8,200,0.04,16808.839591895972
kRkX_n12,0.0006,28.0,75,149,7,200,0.035,19259.745034676707
kRkX_n12,0.0006,28.0,76,149,10,199,0.050251256281407,13308.756950162451
kRkX_n12,0.0006,28.0,77,149,9,200,0.045,14902.512253404646
kRkX_n12,0.0006,28.0,78,149,0,200,0.0,inf
kRkX_n12,0.0006,28.0,79,149,17,200,0.085,7724.428487248317
kRkX_n12,0.0006,28.0,80,149,9,200,0.045,14902.512253404646
kRkX_n12,0.0006,28.0,81,149,7,200,0.035,19259.745034676707
kRkX_n12,0.0006,28.0,82,149,0,200,0.0,inf
kRkX_n12,0.0006,28.0,83,149,11,200,0.055,12129.50493781175
kRkX_n12,0.0006,28.0,84,149,0,200,0.0,inf
kRkX_n12,0.0006,28.0,85,149,0,200,0.0,inf
kRkX_n12,0.0006,28.0,86,149,0,200,0.0,inf
kRkX_n12,0.0006,28.0,87,149,15,200,0.075,8801.395467261302
kRkX_n12,0.0006,28.0,88,149,10,200,0.05,13377.38910914574
kRkX_n12,0.0006,28.0,89,149,10,200,0.05,13377.38910914574
kRkX_n12,0.0006,28.0,90,149,0,200,0.0,inf
kRkX_n12,0.0006,28.0,91,149,10,200,0.05,13377.38910914574
kRkX_n12,0.0006,28.0,92,149,14,200,0.07,9455.199212082607
kRkX_n12,0.0006,28.0,93,149,10,200,0.05,13377.38910914574
kRkX_n12,0.0006,28.0,94,149,12,200,0.06,11089.549586431918
kRkX_n12,0.0006,28.0,95,149,8,200,0.04,16808.839591895972
kRkX_n12,0.0006,28.0,96,149,8,200,0.04,16808.839591895972
kRkX_n12,0.0006,28.0,97,149,8,200,0.04,16808.839591895972
kRkX_n12,0.0006,28.0,98,149,11,200,0.055,12129.50493781175
kRkX_n12,0.0006,28.0,99,149,0,200,0.0,inf
kRkX_n12,0.0006,28.0,100,149,0,200,0.0,inf
kRkX_n12,0.0008,28.0,1,17,2,200,0.01,7789.579801407603
kRkX_n12,0.0008,28.0,2,17,0,200,0.0,inf
kRkX_n12,0.0008,28.0,3,17,0,200,0.0,inf
kRkX_n12,0.0008,28.0,4,17,1,200,0.005,15618.40198401406
kRkX_n12,0.0008,28.0,5,17,0,200,0.0,inf
kRkX_n12,0.0008,28.0,6,17,1,200,0.005,15618.40198401406
kRkX_n12,0.0008,28.0,7,17,1,200,0.005,15618.40198401406
kRkX_n12,0.0008,28.0,8,17,0,200,0.0,inf
kRkX_n12,0.0008,28.0,9,17,2,200,0.01,7789.579801407603
kRkX_n12,0.0008,28.0,10,17,2,200,0.01,7789.579801407603
kRkX_n12,0.0008,28.0,11,17,0,200,0.0,inf
kRkX_n12,0.0008,28.0,12,17,0,200,0.0,inf
kRkX_n12,0.0008,28.0,13,17,2,200,0.01,7789.579801407603
kRkX_n12,0.0008,28.0,14,17,0,200,0.0,inf
kRkX_n12,0.0008,28.0,15,17,0,200,0.0,inf
kRkX_n12,0.0008,28.0,16,17,1,200,0.005,15618.40198401406
kRkX_n12,0.0008,28.0,17,17,2,200,0.01,7789.579801407603
kRkX_n12,0.0008,28.0,18,17,0,200,0.0,inf
kRkX_n12,0.0008,28.0,19,17,1,200,0.005,15618.40198401406
kRkX_n12,0.0008,28.0,20,17,3,200,0.015,5179.950330009129
kRkX_n12,0.0008,28.0,21,17,0,200,0.0,inf
kRkX_n12,0.0008,28.0,22,17,0,200,0.0,inf
kRkX_n12,0.0008,28.0,23,17,0,200,0.0,inf
kRkX_n12,0.0008,28.0,24,17,1,200,0.005,15618.40198401406
kRkX_n12,0.0008,28.0,25,17,0,200,0.0,inf
kRkX_n12,0.0008,28.0,26,17,0,200,0.0,inf
kRkX_n12,0.0008,28.0,27,17,0,200,0.0,inf
kRkX_n12,0.0008,28.0,28,17,1,200,0.005,15618.40198401406
kRkX_n12,0.0008,28.0,29,17,0,200,0.0,inf
kRkX_n12,0.0008,28.0,30,17,3,200,0.015,5179.950330009129
kRkX_n12,0.0008,28.0,31,17,0,200,0.0,inf
kRkX_n12,0.0008,28.0,32,17,3,200,0.015,5179.950330009129
kRkX_n12,0.0008,28.0,33,17,0,200,0.0,inf
kRkX_n12,0.0008,28.0,34,17,0,200,0.0,inf
kRkX_n12,0.0008,28.0,35,17,1,200,0.005,15618.40198401406
kRkX_n12,0.0008,28.0,36,17,0,200,0.0,inf
kRkX_n12,0.0008,28.0,37,17,3,200,0.015,5179.950330009129
kRkX_n12,0.0008,28.0,38,17,0,200,0.0,inf
kRkX_n12,0.0008,28.0,39,17,0,200,0.0,inf
kRkX_n12,0.0008,28.0,40,17,1,200,0.005,15618.40198401406
kRkX_n12,0.0008,28.0,41,17,0,200,0.0,inf
kRkX_n12,0.0008,28.0,42,17,1,200,0.005,15618.40198401406
kRkX_n12,0.0008,28.0,43,17,0,200,0.0,inf
kRkX_n12,0.0008,28.0,44,17,1,200,0.005,15618.40198401406
kRkX_n12,0.0008,28.0,45,17,3,200,0.015,5179.950330009129
kRkX_n12,0.0008,28.0,46,17,1,200,0.005,15618.40198401406
kRkX_n12,0.0008,28.0,47,17,2,200,0.01,7789.579801407603
kRkX_n12,0.0008,28.0,48,17,0,200,0.0,inf
kRkX_n12,0.0008,28.0,49,17,0,200,0.0,inf
kRkX_n12,0.0008,28.0,50,17,0,200,0.0,inf
kRkX_n12,0.0008,28.0,51,17,1,199,0.0050251256281407,15540.113926107248
kRkX_n12,0.0008,28.0,52,17,0,200,0.0,inf
kRkX_n12,0.0008,28.0,53,17,0,200,0.0,inf
kRkX_n12,0.0008,28.0,54,17,0,200,0.0,inf
kRkX_n12,0.0008,28.0,55,17,0,200,0.0,inf
kRkX_n12,0.0008,28.0,56,17,1,200,0.005,15618.40198401406
kRkX_n12,0.0008,28.0,57,17,0,200,0.0,inf
kRkX_n12,0.0008,28.0,58,17,0,200,0.0,inf
kRkX_n12,0.0008,28.0,59,17,0,200,0.0,inf
kRkX_n12,0.0008,28.0,60,17,0,200,0.0,inf
kRkX_n12,0.0008,28.0,61,17,1,200,0.005,15618.40198401406
kRkX_n12,0.0008,28.0,62,17,6,200,0.03,2570.253779619853
kRkX_n12,0.0008,28.0,63,17,0,200,0.0,inf
kRkX_n12,0.0008,28.0,64,17,0,200,0.0,inf
kRkX_n12,0.0008,28.0,65,17,0,200,0.0,inf
kRkX_n12,0.0008,28.0,66,17,1,193,0.005181347150259,15070.38554272216
kRkX_n12,0.0008,28.0,67,17,0,200,0.0,inf
kRkX_n12,0.0008,28.0,68,17,1,200,0.005,15618.40198401406
kRkX_n12,0.0008,28.0,69,17,1,200,0.005,15618.40198401406
kRkX_n12,0.0008,28.0,70,17,2,200,0.01,7789.579801407603
kRkX_n12,0.0008,28.0,71,17,0,200,0.0,inf
kRkX_n12,0.0008,28.0,72,17,1,200,0.005,15618.40198401406
kRkX_n12,0.0008,28.0,73,17,2,200,0.01,7789.579801407603
kRkX_n12,0.0008,28.0,74,17,1,200,0.005,15618.40198401406
kRkX_n12,0.0008,28.0,75,17,1,200,0.005,15618.40198401406
kRkX_n12,0.0008,28.0,76,17,0,200,0.0,inf
kRkX_n12,0.0008,28.0,77,17,1,200,0.005,15618.40198401406
kRkX_n12,0.0008,28.0,78,17,0,200,0.0,inf
kRkX_n12,0.0008,28.0,79,17,2,200,0.01,7789.579801407603
kRkX_n12,0.0008,28.0,80,17,2,200,0.01,7789.579801407603
kRkX_n12,0.0008,28.0,81,17,1,200,0.005,15618.40198401406
kRkX_n12,0.0008,28.0,82,17,0,200,0.0,inf
kRkX_n12,0.0008,28.0,83,17,3,200,0.015,5179.950330009129
kRkX_n12,0.0008,28.0,84,17,0,200,0.0,inf
kRkX_n12,0.0008,28.0,85,17,0,200,0.0,inf
kRkX_n12,0.0008,28.0,86,17,0,200,0.0,inf
kRkX_n12,0.0008,28.0,87,17,2,200,0.01,7789.579801407603
kRkX_n12,0.0008,28.0,88,17,1,200,0.005,15618.40198401406
kRkX_n12,0.0008,28.0,89,17,1,200,0.005,15618.40198401406
kRkX_n12,0.0008,28.0,90,17,0,200,0.0,inf
kRkX_n12,0.0008,28.0,91,17,2,200,0.01,7789.579801407603
kRkX_n12,0.0008,28.0,92,17,3,200,0.015,5179.950330009129
kRkX_n12,0.0008,28.0,93,17,1,200,0.005,15618.40198401406
kRkX_n12,0.0008,28.0,94,17,2,200,0.01,7789.579801407603
kRkX_n12,0.0008,28.0,95,17,2,200,0.01,7789.579801407603
kRkX_n12,0.0008,28.0,96,17,2,200,0.01,7789.579801407603
kRkX_n12,0.0008,28.0,97,17,1,200,0.005,15618.40198401406
kRkX_n12,0.0008,28.0,98,17,4,200,0.02,3875.118910122879
kRkX_n12,0.0008,28.0,99,17,0,200,0.0,inf
kRkX_n12,0.0008,28.0,100,17,0,200,0.0,inf
kRkX_n12,0.002,28.0,1,46,1,200,0.005,42261.55830968511
kRkX_n12,0.002,28.0,2,46,2,200,0.01,21077.686521455867
kRkX_n12,0.002,28.0,3,46,3,200,0.015,14016.336187083529
kRkX_n12,0.002,28.0,4,46,0,200,0.0,inf
kRkX_n12,0.002,28.0,5,46,0,200,0.0,inf
kRkX_n12,0.002,28.0,6,46,4,200,0.02,10485.615874450144
kRkX_n12,0.002,28.0,7,46,0,200,0.0,inf
kRkX_n12,0.002,28.0,8,46,2,200,0.01,21077.686521455867
kRkX_n12,0.002,28.0,9,46,5,200,0.025,8367.147293592752
kRkX_n12,0.002,28.0,10,46,2,200,0.01,21077.686521455867
kRkX_n12,0.002,28.0,11,46,0,200,0.0,inf
kRkX_n12,0.002,28.0,12,46,0,200,0.0,inf
kRkX_n12,0.002,28.0,13,46,2,200,0.01,21077.686521455867
kRkX_n12,0.002,28.0,14,46,0,200,0.0,inf
kRkX_n12,0.002,28.0,15,46,0,200,0.0,inf
kRkX_n12,0.002,28.0,16,46,5,200,0.025,8367.147293592752
kRkX_n12,0.002,28.0,17,46,7,200,0.035,5945.961554329721
kRkX_n12,0.002,28.0,18,46,0,200,0.0,inf
kRkX_n12,0.002,28.0,19,46,2,200,0.01,21077.686521455867
kRkX_n12,0.002,28.0,20,46,1,200,0.005,42261.55830968511
kRkX_n12,0.002,28.0,21,46,5,200,0.025,8367.147293592752
kRkX_n12,0.002,28.0,22,46,0,200,0.0,inf
kRkX_n12,0.002,28.0,23,46,3,200,0.015,14016.336187083529
kRkX_n12,0.002,28.0,24,46,0,200,0.0,inf
kRkX_n12,0.002,28.0,25,46,0,200,0.0,inf
kRkX_n12,0.002,28.0,26,46,2,200,0.01,21077.686521455867
kRkX_n12,0.002,28.0,27,46,0,200,0.0,inf
kRkX_n12,0.002,28.0,28,46,2,200,0.01,21077.686521455867
kRkX_n12,0.002,28.0,29,46,0,200,0.0,inf
kRkX_n12,0.002,28.0,30,46,2,200,0.01,21077.686521455867
kRkX_n12,0.002,28.0,31,46,3,200,0.015,14016.336187083529
kRkX_n12,0.002,28.0,32,46,9,200,0.045,4600.77559501083
kRkX_n12,0.002,28.0,33,46,0,200,0.0,inf
kRkX_n12,0.002,28.0,34,46,0,200,0.0,inf
kRkX_n12,0.002,28.0,35,46,1,200,0.005,42261.55830968511
kRkX_n12,0.002,28.0,36,46,0,200,0.0,inf
kRkX_n12,0.002,28.0,37,46,6,200,0.03,6954.804344853721
kRkX_n12,0.002,28.0,38,46,0,200,0.0,inf
kRkX_n12,0.002,28.0,39,46,0,200,0.0,inf
kRkX_n12,0.002,28.0,40,46,0,200,0.0,inf
kRkX_n12,0.002,28.0,41,46,5,200,0.025,8367.147293592752
kRkX_n12,0.002,28.0,42,46,2,200,0.01,21077.686521455867
kRkX_n12,0.002,28.0,43,46,0,200,0.0,inf
kRkX_n12,0.002,28.0,44,46,1,200,0.005,42261.55830968511
kRkX_n12,0.002,28.0,45,46,3,200,0.015,14016.336187083529
kRkX_n12,0.002,28.0,46,46,3,200,0.015,14016.336187083529
kRkX_n12,0.002,28.0,47,46,7,200,0.035,5945.961554329721
kRkX_n12,0.002,28.0,48,46,0,200,0.0,inf
kRkX_n12,0.002,28.0,49,46,0,200,0.0,inf
kRkX_n12,0.002,28.0,50,46,0,200,0.0,inf
kRkX_n12,0.002,28.0,51,46,5,200,0.025,8367.147293592752
kRkX_n12,0.002,28.0,52,46,0,200,0.0,inf
kRkX_n12,0.002,28.0,53,46,2,200,0.01,21077.686521455867
kRkX_n12,0.002,28.0,54,46,1,200,0.005,42261.55830968511
kRkX_n12,0.002,28.0,55,46,2,200,0.01,21077.686521455867
kRkX_n12,0.002,28.0,56,46,4,200,0.02,10485.615874450144
kRkX_n12,0.002,28.0,57,46,6,200,0.03,6954.804344853721
kRkX_n12,0.002,28.0,58,46,0,200,0.0,inf
kRkX_n12,0.002,28.0,59,46,1,200,0.005,42261.55830968511
kRkX_n12,0.002,28.0,60,46,2,200,0.01,21077.686521455867
kRkX_n12,0.002,28.0,61,46,2,200,0.01,21077.686521455867
kRkX_n12,0.002,28.0,62,46,5,200,0.025,8367.147293592752
kRkX_n12,0.002,28.0,63,46,3,200,0.015,14016.336187083529
kRkX_n12,0.002,28.0,64,46,0,200,0.0,inf
kRkX_n12,0.002,28.0,65,46,0,200,0.0,inf
kRkX_n12,0.002,28.0,66,46,0,200,0.0,inf
kRkX_n12,0.002,28.0,67,46,0,200,0.0,inf
kRkX_n12,0.002,28.0,68,46,0,200,0.0,inf
kRkX_n12,0.002,28.0,69,46,1,200,0.005,42261.55830968511
kRkX_n12,0.002,28.0,70,46,2,200,0.01,21077.686521455867
kRkX_n12,0.002,28.0,71,46,4,200,0.02,10485.615874450144
kRkX_n12,0.002,28.0,72,46,2,200,0.01,21077.686521455867
kRkX_n12,0.002,28.0,73,46,2,200,0.01,21077.686521455867
kRkX_n12,0.002,28.0,74,46,2,200,0.01,21077.686521455867
kRkX_n12,0.002,28.0,75,46,0,200,0.0,inf
kRkX_n12,0.002,28.0,76,46,3,200,0.015,14016.336187083529
kRkX_n12,0.002,28.0,77,46,5,200,0.025,8367.147293592752
kRkX_n12,0.002,28.0,78,46,0,200,0.0,inf
kRkX_n12,0.002,28.0,79,46,8,200,0.04,5189.306182732986
kRkX_n12,0.002,28.0,80,46,0,200,0.0,inf
kRkX_n12,0.002,28.0,81,46,0,200,0.0,inf
kRkX_n12,0.002,28.0,82,46,0,200,0.0,inf
kRkX_n12,0.002,28.0,83,46,2,200,0.01,21077.686521455867
kRkX_n12,0.002,28.0,84,46,0,200,0.0,inf
kRkX_n12,0.002,28.0,85,46,0,200,0.0,inf
kRkX_n12,0.002,28.0,86,46,0,200,0.0,inf
kRkX_n12,0.002,28.0,87,46,6,200,0.03,6954.804344853721
kRkX_n12,0.002,28.0,88,46,4,200,0.02,10485.615874450144
kRkX_n12,0.002,28.0,89,46,1,200,0.005,42261.55830968511
kRkX_n12,0.002,28.0,90,46,0,200,0.0,inf
kRkX_n12,0.002,28.0,91,46,6,200,0.03,6954.804344853721
kRkX_n12,0.002,28.0,92,46,4,200,0.02,10485.615874450144
kRkX_n12,0.002,28.0,93,46,8,200,0.04,5189.306182732986
kRkX_n12,0.002,28.0,94,46,5,200,0.025,8367.147293592752
kRkX_n12,0.002,28.0,95,46,3,200,0.015,14016.336187083529
kRkX_n12,0.002,28.0,96,46,3,200,0.015,14016.336187083529
kRkX_n12,0.002,28.0,97,46,3,200,0.015,14016.336187083529
kRkX_n12,0.002,28.0,98,46,3,200,0.015,14016.336187083529
kRkX_n12,0.002,28.0,99,46,0,200,0.0,inf
kRkX_n12,0.002,28.0,100,46,0,200,0.0,inf
kRkX_n12,0.004,28.0,1,72,3,200,0.015,21938.613162391608
kRkX_n12,0.004,28.0,2,72,8,200,0.04,8122.392286016847
kRkX_n12,0.004,28.0,3,72,7,200,0.035,9306.722432863911
kRkX_n12,0.004,28.0,4,72,1,200,0.005,66148.52604994191
kRkX_n12,0.004,28.0,5,72,0,200,0.0,inf
kRkX_n12,0.004,28.0,6,72,3,200,0.015,21938.613162391608
kRkX_n12,0.004,28.0,7,72,1,200,0.005,66148.52604994191
kRkX_n12,0.004,28.0,8,72,4,200,0.02,16412.268325226312
kRkX_n12,0.004,28.0,9,72,5,200,0.025,13096.404459536485
kRkX_n12,0.004,28.0,10,72,2,200,0.01,32991.161511843966
kRkX_n12,0.004,28.0,11,72,0,200,0.0,inf
kRkX_n12,0.004,28.0,12,72,0,200,0.0,inf
kRkX_n12,0.004,28.0,13,72,4,200,0.02,16412.268325226312
kRkX_n12,0.004,28.0,14,72,0,200,0.0,inf
kRkX_n12,0.004,28.0,15,72,0,200,0.0,inf
kRkX_n12,0.004,28.0,16,72,6,200,0.03,10885.780713684086
kRkX_n12,0.004,28.0,17,72,13,200,0.065,4933.468557345545
kRkX_n12,0.004,28.0,18,72,0,200,0.0,inf
kRkX_n12,0.004,28.0,19,72,3,200,0.015,21938.613162391608
kRkX_n12,0.004,28.0,20,72,10,200,0.05,6464.241717171098
kRkX_n12,0.004,28.0,21,72,4,200,0.02,16412.268325226312
kRkX_n12,0.004,28.0,22,72,0,200,0.0,inf
kRkX_n12,0.004,28.0,23,72,2,200,0.01,32991.161511843966
kRkX_n12,0.004,28.0,24,72,1,200,0.005,66148.52604994191
kRkX_n12,0.004,28.0,25,72,0,200,0.0,inf
kRkX_n12,0.004,28.0,26,72,4,200,0.02,16412.268325226312
kRkX_n12,0.004,28.0,27,72,0,200,0.0,inf
kRkX_n12,0.004,28.0,28,72,3,200,0.015,21938.613162391608
kRkX_n12,0.004,28.0,29,72,0,200,0.0,inf
kRkX_n12,0.004,28.0,30,72,2,200,0.01,32991.161511843966
kRkX_n12,0.004,28.0,31,72,3,200,0.015,21938.613162391608
kRkX_n12,0.004,28.0,32,72,3,200,0.015,21938.613162391608
kRkX_n12,0.004,28.0,33,72,0,200,0.0,inf
kRkX_n12,0.004,28.0,34,72,0,200,0.0,inf
kRkX_n12,0.004,28.0,35,72,1,200,0.005,66148.52604994191
kRkX_n12,0.004,28.0,36,72,0,200,0.0,inf
kRkX_n12,0.004,28.0,37,72,5,200,0.025,13096.404459536485
kRkX_n12,0.004,28.0,38,72,4,200,0.02,16412.268325226312
kRkX_n12,0.004,28.0,39,72,0,200,0.0,inf
kRkX_n12,0.004,28.0,40,72,4,200,0.02,16412.268325226312
kRkX_n12,0.004,28.0,41,72,9,200,0.045,7201.213974799562
kRkX_n12,0.004,28.0,42,72,7,200,0.035,9306.722432863911
kRkX_n12,0.004,28.0,43,72,0,200,0.0,inf
kRkX_n12,0.004,28.0,44,72,0,200,0.0,inf
kRkX_n12,0.004,28.0,45,72,4,200,0.02,16412.268325226312
kRkX_n12,0.004,28.0,46,72,0,200,0.0,inf
kRkX_n12,0.004,28.0,47,72,6,200,0.03,10885.780713684086
kRkX_n12,0.004,28.0,48,72,0,200,0.0,inf
kRkX_n12,0.004,28.0,49,72,0,200,0.0,inf
kRkX_n12,0.004,28.0,50,72,0,200,0.0,inf
kRkX_n12,0.004,28.0,51,72,1,200,0.005,66148.52604994191
kRkX_n12,0.004,28.0,52,72,0,200,0.0,inf
kRkX_n12,0.004,28.0,53,72,1,200,0.005,66148.52604994191
kRkX_n12,0.004,28.0,54,72,4,200,0.02,16412.268325226312
kRkX_n12,0.004,28.0,55,72,5,200,0.025,13096.404459536485
kRkX_n12,0.004,28.0,56,72,7,200,0.035,9306.722432863911
kRkX_n12,0.004,28.0,57,72,4,200,0.02,16412.268325226312
kRkX_n12,0.004,28.0,58,72,0,200,0.0,inf
kRkX_n12,0.004,28.0,59,72,2,200,0.01,32991.161511843966
kRkX_n12,0.004,28.0,60,72,3,200,0.015,21938.613162391608
kRkX_n12,0.004,28.0,61,72,6,200,0.03,10885.780713684086
kRkX_n12,0.004,28.0,62,72,12,200,0.06,5358.708524987236
kRkX_n12,0.004,28.0,63,72,1,200,0.005,66148.52604994191
kRkX_n12,0.004,28.0,64,72,0,200,0.0,inf
kRkX_n12,0.004,28.0,65,72,0,200,0.0,inf
kRkX_n12,0.004,28.0,66,72,1,200,0.005,66148.52604994191
kRkX_n12,0.004,28.0,67,72,0,200,0.0,inf
kRkX_n12,0.004,28.0,68,72,1,200,0.005,66148.52604994191
kRkX_n12,0.004,28.0,69,72,1,200,0.005,66148.52604994191
kRkX_n12,0.004,28.0,70,72,4,200,0.02,16412.268325226312
kRkX_n12,0.004,28.0,71,72,3,200,0.015,21938.613162391608
kRkX_n12,0.004,28.0,72,72,3,200,0.015,21938.613162391608
kRkX_n12,0.004,28.0,73,72,5,200,0.025,13096.404459536485
kRkX_n12,0.004,28.0,74,72,11,200,0.055,5861.237285385544
kRkX_n12,0.004,28.0,75,72,1,200,0.005,66148.52604994191
kRkX_n12,0.004,28.0,76,72,5,200,0.025,13096.404459536485
kRkX_n12,0.004,28.0,77,72,6,200,0.03,10885.780713684086
kRkX_n12,0.004,28.0,78,72,0,200,0.0,inf
kRkX_n12,0.004,28.0,79,72,5,200,0.025,13096.404459536485
kRkX_n12,0.004,28.0,80,72,3,200,0.015,21938.613162391608
kRkX_n12,0.004,28.0,81,72,0,200,0.0,inf
kRkX_n12,0.004,28.0,82,72,0,200,0.0,inf
kRkX_n12,0.004,28.0,83,72,10,200,0.05,6464.241717171098
kRkX_n12,0.004,28.0,84,72,0,200,0.0,inf
kRkX_n12,0.004,28.0,85,72,0,200,0.0,inf
kRkX_n12,0.004,28.0,86,72,0,200,0.0,inf
kRkX_n12,0.004,28.0,87,72,3,200,0.015,21938.613162391608
kRkX_n12,0.004,28.0,88,72,5,200,0.025,13096.404459536485
kRkX_n12,0.004,28.0,89,72,6,200,0.03,10885.780713684086
kRkX_n12,0.004,28.0,90,72,0,200,0.0,inf
kRkX_n12,0.004,28.0,91,72,8,200,0.04,8122.392286016847
kRkX_n12,0.004,28.0,92,72,5,200,0.025,13096.404459536485
kRkX_n12,0.004,28.0,93,72,4,200,0.02,16412.268325226312
kRkX_n12,0.004,28.0,94,72,6,200,0.03,10885.780713684086
kRkX_n12,0.004,28.0,95,72,9,200,0.045,7201.213974799562
kRkX_n12,0.004,28.0,96,72,9,200,0.045,7201.213974799562
kRkX_n12,0.004,28.0,97,72,4,200,0.02,16412.268325226312
kRkX_n12,0.004,28.0,98,72,3,200,0.015,21938.613162391608
kRkX_n12,0.004,28.0,99,72,0,200,0.0,inf
kRkX_n12,0.004,28.0,100,72,0,200,0.0,inf
kRkX_n18,0.0006,28.0,1,6401,0,200,0.0,inf
kRkX_n18,0.0006,28.0,2,6401,8,200,0.04,722103.2364276921
kRkX_n18,0.0006,28.0,3,6401,0,200,0.0,inf
kRkX_n18,0.0006,28.0,4,6401,7,200,0.035,827393.4762883597
kRkX_n18,0.0006,28.0,5,6401,0,200,0.0,inf
kRkX_n18,0.0006,28.0,6,6401,7,200,0.035,827393.4762883597
kRkX_n18,0.0006,28.0,7,6401,0,200,0.0,inf
kRkX_n18,0.0006,28.0,8,6401,4,200,0.02,1459096.2437468558
kRkX_n18,0.0006,28.0,9,6401,6,200,0.03,967776.1437262754
kRkX_n18,0.0006,28.0,10,6401,0,200,0.0,inf
kRkX_n18,0.0006,28.0,11,6401,6,200,0.03,967776.1437262754
kRkX_n18,0.0006,28.0,12,6401,11,200,0.055,521080.2758854564
kRkX_n18,0.0006,28.0,13,6401,0,200,0.0,inf
kRkX_n18,0.0006,28.0,14,6401,5,200,0.025,1164306.7353540696
kRkX_n18,0.0006,28.0,15,6401,22,200,0.11,252953.99487961343
kRkX_n18,0.0006,28.0,16,6401,0,200,0.0,inf
kRkX_n18,0.0006,28.0,17,6401,12,200,0.06,476404.0731728235
kRkX_n18,0.0006,28.0,18,6401,0,200,0.0,inf
kRkX_n18,0.0006,28.0,19,6401,0,200,0.0,inf
kRkX_n18,0.0006,28.0,20,6401,5,200,0.025,1164306.7353540696
kRkX_n18,0.0006,28.0,21,6401,5,200,0.025,1164306.7353540696
kRkX_n18,0.0006,28.0,22,6401,0,200,0.0,inf
kRkX_n18,0.0006,28.0,23,6401,0,200,0.0,inf
kRkX_n18,0.0006,28.0,24,6401,9,200,0.045,640207.9257318332
kRkX_n18,0.0006,28.0,25,6401,17,200,0.085,331839.3741401106
kRkX_n18,0.0006,28.0,26,6401,21,200,0.105,265728.65442949475
kRkX_n18,0.0006,28.0,27,6401,0,200,0.0,inf
kRkX_n18,0.0006,28.0,28,6401,28,200,0.14,195445.760337733
kRkX_n18,0.0006,28.0,29,6401,10,200,0.05,574689.0448835026
kRkX_n18,0.0006,28.0,30,6401,9,200,0.045,640207.9257318332
kRkX_n18,0.0006,28.0,31,6401,6,200,0.03,967776.1437262754
kRkX_n18,0.0006,28.0,32,6401,0,200,0.0,inf
kRkX_n18,0.0006,28.0,33,6401,11,200,0.055,521080.2758854564
kRkX_n18,0.0006,28.0,34,6401,6,200,0.03,967776.1437262754
kRkX_n18,0.0006,28.0,35,6401,17,200,0.085,331839.3741401106
kRkX_n18,0.0006,28.0,36,6401,6,200,0.03,967776.1437262754
kRkX_n18,0.0006,28.0,37,6401,4,200,0.02,1459096.2437468558
kRkX_n18,0.0006,28.0,38,6401,16,200,0.08,353527.5312576052
kRkX_n18,0.0006,28.0,39,6401,0,200,0.0,inf
kRkX_n18,0.0006,28.0,40,6401,0,200,0.0,inf
kRkX_n18,0.0006,28.0,41,6401,16,200,0.08,353527.5312576052
kRkX_n18,0.0006,28.0,42,6401,16,200,0.08,353527.5312576052
kRkX_n18,0.0006,28.0,43,6401,6,200,0.03,967776.1437262754
kRkX_n18,0.0006,28.0,44,6401,0,200,0.0,inf
kRkX_n18,0.0006,28.0,45,6401,0,200,0.0,inf
kRkX_n18,0.0006,28.0,46,6401,19,200,0.095,295307.5070041667
kRkX_n18,0.0006,28.0,47,6401,13,200,0.065,438599.0588273449
kRkX_n18,0.0006,28.0,48,6401,23,200,0.115,241288.90280983265
kRkX_n18,0.0006,28.0,49,6401,0,200,0.0,inf
kRkX_n18,0.0006,28.0,50,6401,20,200,0.1,279779.32887347386
kRkX_n18,0.0006,28.0,51,6401,16,200,0.08,353527.5312576052
kRkX_n18,0.0006,28.0,52,6401,0,200,0.0,inf
kRkX_n18,0.0006,28.0,53,6401,8,200,0.04,722103.2364276921
kRkX_n18,0.0006,28.0,54,6401,0,200,0.0,inf
kRkX_n18,0.0006,28.0,55,6401,14,200,0.07,406192.8198425555
kRkX_n18,0.0006,28.0,56,6401,15,200,0.075,378105.5864828161
kRkX_n18,0.0006,28.0,57,6401,14,200,0.07,406192.8198425555
kRkX_n18,0.0006,28.0,58,6401,21,200,0.105,265728.65442949475
kRkX_n18,0.0006,28.0,59,6401,14,200,0.07,406192.8198425555
kRkX_n18,0.0006,28.0,60,6401,12,200,0.06,476404.0731728235
kRkX_n18,0.0006,28.0,61,6401,0,200,0.0,inf
kRkX_n18,0.0006,28.0,62,6401,23,200,0.115,241288.90280983265
kRkX_n18,0.0006,28.0,63,6401,9,200,0.045,640207.9257318332
kRkX_n18,0.0006,28.0,64,6401,0,200,0.0,inf
kRkX_n18,0.0006,28.0,65,6401,0,200,0.0,inf
kRkX_n18,0.0006,28.0,66,6401,9,199,0.0452261306532663,636932.044692708
kRkX_n18,0.0006,28.0,67,6401,3,200,0.015,1950403.650728732
kRkX_n18,0.0006,28.0,68,6401,0,200,0.0,inf
kRkX_n18,0.0006,28.0,69,6401,0,200,0.0,inf
kRkX_n18,0.0006,28.0,70,6401,9,200,0.045,640207.9257318332
kRkX_n18,0.0006,28.0,71,6401,17,200,0.085,331839.3741401106
kRkX_n18,0.0006,28.0,72,6401,15,200,0.075,378105.5864828161
kRkX_n18,0.0006,28.0,73,6401,4,200,0.02,1459096.2437468558
kRkX_n18,0.0006,28.0,74,6401,3,200,0.015,1950403.650728732
kRkX_n18,0.0006,28.0,75,6401,19,200,0.095,295307.5070041667
kRkX_n18,0.0006,28.0,76,6401,0,200,0.0,inf
kRkX_n18,0.0006,28.0,77,6401,0,200,0.0,inf
kRkX_n18,0.0006,28.0,78,6401,0,200,0.0,inf
kRkX_n18,0.0006,28.0,79,6401,12,200,0.06,476404.0731728235
kRkX_n18,0.0006,28.0,80,6401,4,200,0.02,1459096.2437468558
kRkX_n18,0.0006,28.0,81,6401,0,200,0.0,inf
kRkX_n18,0.0006,28.0,82,6401,6,200,0.03,967776.1437262754
kRkX_n18,0.0006,28.0,83,6401,0,200,0.0,inf
kRkX_n18,0.0006,28.0,84,6401,0,200,0.0,inf
kRkX_n18,0.0006,28.0,85,6401,0,200,0.0,inf
kRkX_n18,0.0006,28.0,86,6401,19,200,0.095,295307.5070041667
kRkX_n18,0.0006,28.0,87,6401,0,200,0.0,inf
kRkX_n18,0.0006,28.0,88,6401,14,200,0.07,406192.8198425555
kRkX_n18,0.0006,28.0,89,6401,15,200,0.075,378105.5864828161
kRkX_n18,0.0006,28.0,90,6401,10,200,0.05,574689.0448835026
kRkX_n18,0.0006,28.0,91,6401,5,200,0.025,1164306.7353540696
kRkX_n18,0.0006,28.0,92,6401,0,200,0.0,inf
kRkX_n18,0.0006,28.0,93,6401,0,200,0.0,inf
kRkX_n18,0.0006,28.0,94,6401,0,200,0.0,inf
kRkX_n18,0.0006,28.0,95,6401,0,200,0.0,inf
kRkX_n18,0.0006,28.0,96,6401,33,200,0.165,163471.12556936967
kRkX_n18,0.0006,28.0,97,6401,0,200,0.0,inf
kRkX_n18,0.0006,28.0,98,6401,14,200,0.07,406192.8198425555
kRkX_n18,0.0006,28.0,99,6401,5,200,0.025,1164306.7353540696
kRkX_n18,0.0006,28.0,100,6401,12,200,0.06,476404.0731728235
kRkX_n18,0.0008,28.0,1,1565,0,200,0.0,inf
kRkX_n18,0.0008,28.0,2,1565,2,200,0.01,717099.5523060529
kRkX_n18,0.0008,28.0,3,1565,0,200,0.0,inf
kRkX_n18,0.0008,28.0,4,1565,2,200,0.01,717099.5523060529
kRkX_n18,0.0008,28.0,5,1565,0,200,0.0,inf
kRkX_n18,0.0008,28.0,6,1565,3,200,0.015,476860.1333214287
kRkX_n18,0.0008,28.0,7,1565,0,200,0.0,inf
kRkX_n18,0.0008,28.0,8,1565,2,200,0.01,717099.5523060529
kRkX_n18,0.0008,28.0,9,1565,1,200,0.005,1437811.712057765
kRkX_n18,0.0008,28.0,10,1565,0,200,0.0,inf
kRkX_n18,0.0008,28.0,11,1565,2,200,0.01,717099.5523060529
kRkX_n18,0.0008,28.0,12,1565,2,200,0.01,717099.5523060529
kRkX_n18,0.0008,28.0,13,1565,0,200,0.0,inf
kRkX_n18,0.0008,28.0,14,1565,0,200,0.0,inf
kRkX_n18,0.0008,28.0,15,1565,2,200,0.01,717099.5523060529
kRkX_n18,0.0008,28.0,16,1565,0,200,0.0,inf
kRkX_n18,0.0008,28.0,17,1565,3,200,0.015,476860.1333214287
kRkX_n18,0.0008,28.0,18,1565,0,200,0.0,inf
kRkX_n18,0.0008,28.0,19,1565,0,200,0.0,inf
kRkX_n18,0.0008,28.0,20,1565,4,200,0.02,356738.8879024885
kRkX_n18,0.0008,28.0,21,1565,2,200,0.01,717099.5523060529
kRkX_n18,0.0008,28.0,22,1565,0,200,0.0,inf
kRkX_n18,0.0008,28.0,23,1565,0,200,0.0,inf
kRkX_n18,0.0008,28.0,24,1565,3,200,0.015,476860.1333214287
kRkX_n18,0.0008,28.0,25,1565,1,200,0.005,1437811.712057765
kRkX_n18,0.0008,28.0,26,1565,2,200,0.01,717099.5523060529
kRkX_n18,0.0008,28.0,27,1565,0,200,0.0,inf
kRkX_n18,0.0008,28.0,28,1565,10,200,0.05,140507.47621351064
kRkX_n18,0.0008,28.0,29,1565,5,200,0.025,284664.902488536
kRkX_n18,0.0008,28.0,30,1565,4,200,0.02,356738.8879024885
kRkX_n18,0.0008,28.0,31,1565,0,200,0.0,inf
kRkX_n18,0.0008,28.0,32,1565,0,200,0.0,inf
kRkX_n18,0.0008,28.0,33,1565,2,200,0.01,717099.5523060529
kRkX_n18,0.0008,28.0,34,1565,0,200,0.0,inf
kRkX_n18,0.0008,28.0,35,1565,5,200,0.025,284664.902488536
kRkX_n18,0.0008,28.0,36,1565,0,200,0.0,inf
kRkX_n18,0.0008,28.0,37,1565,1,200,0.005,1437811.712057765
kRkX_n18,0.0008,28.0,38,1565,3,200,0.015,476860.1333214287
kRkX_n18,0.0008,28.0,39,1565,0,200,0.0,inf
kRkX_n18,0.0008,28.0,40,1565,0,200,0.0,inf
kRkX_n18,0.0008,28.0,41,1565,4,200,0.02,356738.8879024885
kRkX_n18,0.0008,28.0,42,1565,7,200,0.035,202291.9528810003
kRkX_n18,0.0008,28.0,43,1565,3,200,0.015,476860.1333214287
kRkX_n18,0.0008,28.0,44,1565,0,200,0.0,inf
kRkX_n18,0.0008,28.0,45,1565,0,200,0.0,inf
kRkX_n18,0.0008,28.0,46,1565,4,200,0.02,356738.8879024885
kRkX_n18,0.0008,28.0,47,1565,8,200,0.04,176549.22121689396
kRkX_n18,0.0008,28.0,48,1565,3,200,0.015,476860.1333214287
kRkX_n18,0.0008,28.0,49,1565,0,200,0.0,inf
kRkX_n18,0.0008,28.0,50,1565,3,200,0.015,476860.1333214287
kRkX_n18,0.0008,28.0,51,1565,2,200,0.01,717099.5523060529
kRkX_n18,0.0008,28.0,52,1565,0,200,0.0,inf
kRkX_n18,0.0008,28.0,53,1565,5,200,0.025,284664.902488536
kRkX_n18,0.0008,28.0,54,1565,0,200,0.0,inf
kRkX_n18,0.0008,28.0,55,1565,3,200,0.015,476860.1333214287
kRkX_n18,0.0008,28.0,56,1565,6,200,0.03,236614.53912382768
kRkX_n18,0.0008,28.0,57,1565,2,200,0.01,717099.5523060529
kRkX_n18,0.0008,28.0,58,1565,7,200,0.035,202291.9528810003
kRkX_n18,0.0008,28.0,59,1565,2,200,0.01,717099.5523060529
kRkX_n18,0.0008,28.0,60,1565,3,200,0.015,476860.1333214287
kRkX_n18,0.0008,28.0,61,1565,0,200,0.0,inf
kRkX_n18,0.0008,28.0,62,1565,9,200,0.045,156526.38709112935
kRkX_n18,0.0008,28.0,63,1565,5,200,0.025,284664.902488536
kRkX_n18,0.0008,28.0,64,1565,0,200,0.0,inf
kRkX_n18,0.0008,28.0,65,1565,0,200,0.0,inf
kRkX_n18,0.0008,28.0,66,1565,1,200,0.005,1437811.712057765
kRkX_n18,0.0008,28.0,67,1565,2,200,0.01,717099.5523060529
kRkX_n18,0.0008,28.0,68,1565,0,200,0.0,inf
kRkX_n18,0.0008,28.0,69,1565,0,200,0.0,inf
kRkX_n18,0.0008,28.0,70,1565,1,200,0.005,1437811.712057765
kRkX_n18,0.0008,28.0,71,1565,3,200,0.015,476860.1333214287
kRkX_n18,0.0008,28.0,72,1565,4,200,0.02,356738.8879024885
kRkX_n18,0.0008,28.0,73,1565,3,200,0.015,476860.1333214287
kRkX_n18,0.0008,28.0,74,1565,3,200,0.015,476860.1333214287
kRkX_n18,0.0008,28.0,75,1565,5,200,0.025,284664.902488536
kRkX_n18,0.0008,28.0,76,1565,0,200,0.0,inf
kRkX_n18,0.0008,28.0,77,1565,0,200,0.0,inf
kRkX_n18,0.0008,28.0,78,1565,0,200,0.0,inf
kRkX_n18,0.0008,28.0,79,1565,0,200,0.0,inf
kRkX_n18,0.0008,28.0,80,1565,2,200,0.01,717099.5523060529
kRkX_n18,0.0008,28.0,81,1565,0,200,0.0,inf
kRkX_n18,0.0008,28.0,82,1565,2,200,0.01,717099.5523060529
kRkX_n18,0.0008,28.0,83,1565,0,200,0.0,inf
kRkX_n18,0.0008,28.0,84,1565,0,200,0.0,inf
kRkX_n18,0.0008,28.0,85,1565,0,200,0.0,inf
kRkX_n18,0.0008,28.0,86,1565,2,200,0.01,717099.5523060529
kRkX_n18,0.0008,28.0,87,1565,0,200,0.0,inf
kRkX_n18,0.0008,28.0,88,1565,7,200,0.035,202291.9528810003
kRkX_n18,0.0008,28.0,89,1565,5,200,0.025,284664.902488536
kRkX_n18,0.0008,28.0,90,1565,3,200,0.015,476860.1333214287
kRkX_n18,0.0008,28.0,91,1565,1,200,0.005,1437811.712057765
kRkX_n18,0.0008,28.0,92,1565,0,200,0.0,inf
kRkX_n18,0.0008,28.0,93,1565,0,200,0.0,inf
kRkX_n18,0.0008,28.0,94,1565,0,200,0.0,inf
kRkX_n18,0.0008,28.0,95,1565,0,200,0.0,inf
kRkX_n18,0.0008,28.0,96,1565,8,200,0.04,176549.22121689396
kRkX_n18,0.0008,28.0,97,1565,0,200,0.0,inf
kRkX_n18,0.0008,28.0,98,1565,2,200,0.01,717099.5523060529
kRkX_n18,0.0008,28.0,99,1565,5,200,0.025,284664.902488536
kRkX_n18,0.0008,28.0,100,1565,4,200,0.02,356738.8879024885
kRkX_n18,0.002,28.0,1,950,0,200,0.0,inf
kRkX_n18,0.002,28.0,2,950,1,200,0.005,872793.0520478446
kRkX_n18,0.002,28.0,3,950,0,200,0.0,inf
kRkX_n18,0.002,28.0,4,950,1,200,0.005,872793.0520478446
kRkX_n18,0.002,28.0,5,950,0,200,0.0,inf
kRkX_n18,0.002,28.0,6,950,1,200,0.005,872793.0520478446
kRkX_n18,0.002,28.0,7,950,0,200,0.0,inf
kRkX_n18,0.002,28.0,8,950,1,200,0.005,872793.0520478446
kRkX_n18,0.002,28.0,9,950,2,200,0.01,435300.047725719
kRkX_n18,0.002,28.0,10,950,0,200,0.0,inf
kRkX_n18,0.002,28.0,11,950,0,200,0.0,inf
kRkX_n18,0.002,28.0,12,950,1,200,0.005,872793.0520478446
kRkX_n18,0.002,28.0,13,950,0,200,0.0,inf
kRkX_n18,0.002,28.0,14,950,2,200,0.01,435300.047725719
kRkX_n18,0.002,28.0,15,950,3,200,0.015,289467.8125593337
kRkX_n18,0.002,28.0,16,950,0,200,0.0,inf
kRkX_n18,0.002,28.0,17,950,3,200,0.015,289467.8125593337
kRkX_n18,0.002,28.0,18,950,0,200,0.0,inf
kRkX_n18,0.002,28.0,19,950,0,200,0.0,inf
kRkX_n18,0.002,28.0,20,950,1,200,0.005,872793.0520478446
kRkX_n18,0.002,28.0,21,950,0,200,0.0,inf
kRkX_n18,0.002,28.0,22,950,0,200,0.0,inf
kRkX_n18,0.002,28.0,23,950,0,200,0.0,inf
kRkX_n18,0.002,28.0,24,950,1,200,0.005,872793.0520478446
kRkX_n18,0.002,28.0,25,950,0,200,0.0,inf
kRkX_n18,0.002,28.0,26,950,3,200,0.015,289467.8125593337
kRkX_n18,0.002,28.0,27,950,0,200,0.0,inf
kRkX_n18,0.002,28.0,28,950,3,200,0.015,289467.8125593337
kRkX_n18,0.002,28.0,29,950,0,200,0.0,inf
kRkX_n18,0.002,28.0,30,950,4,200,0.02,216550.76262451385
kRkX_n18,0.002,28.0,31,950,2,200,0.01,435300.047725719
kRkX_n18,0.002,28.0,32,950,0,200,0.0,inf
kRkX_n18,0.002,28.0,33,950,3,200,0.015,289467.8125593337
kRkX_n18,0.002,28.0,34,950,1,200,0.005,872793.0520478446
kRkX_n18,0.002,28.0,35,950,2,200,0.01,435300.047725719
kRkX_n18,0.002,28.0,36,950,2,200,0.01,435300.047725719
kRkX_n18,0.002,28.0,37,950,0,200,0.0,inf
kRkX_n18,0.002,28.0,38,950,5,200,0.025,172799.78106332858
kRkX_n18,0.002,28.0,39,950,0,200,0.0,inf
kRkX_n18,0.002,28.0,40,950,0,200,0.0,inf
kRkX_n18,0.002,28.0,41,950,4,200,0.02,216550.76262451385
kRkX_n18,0.002,28.0,42,950,5,200,0.025,172799.78106332858
kRkX_n18,0.002,28.0,43,950,1,200,0.005,872793.0520478446
kRkX_n18,0.002,28.0,44,950,0,200,0.0,inf
kRkX_n18,0.002,28.0,45,950,0,200,0.0,inf
kRkX_n18,0.002,28.0,46,950,2,200,0.01,435300.047725719
kRkX_n18,0.002,28.0,47,950,4,200,0.02,216550.76262451385
kRkX_n18,0.002,28.0,48,950,1,200,0.005,872793.0520478446
kRkX_n18,0.002,28.0,49,950,0,200,0.0,inf
kRkX_n18,0.002,28.0,50,950,2,200,0.01,435300.047725719
kRkX_n18,0.002,28.0,51,950,2,200,0.01,435300.047725719
kRkX_n18,0.002,28.0,52,950,0,200,0.0,inf
kRkX_n18,0.002,28.0,53,950,1,200,0.005,872793.0520478446
kRkX_n18,0.002,28.0,54,950,0,200,0.0,inf
kRkX_n18,0.002,28.0,55,950,3,200,0.015,289467.8125593337
kRkX_n18,0.002,28.0,56,950,4,200,0.02,216550.76262451385
kRkX_n18,0.002,28.0,57,950,3,200,0.015,289467.8125593337
kRkX_n18,0.002,28.0,58,950,1,200,0.005,872793.0520478446
kRkX_n18,0.002,28.0,59,950,3,200,0.015,289467.8125593337
kRkX_n18,0.002,28.0,60,950,0,200,0.0,inf
kRkX_n18,0.002,28.0,61,950,0,200,0.0,inf
kRkX_n18,0.002,28.0,62,950,0,200,0.0,inf
kRkX_n18,0.002,28.0,63,950,3,200,0.015,289467.8125593337
kRkX_n18,0.002,28.0,64,950,0,200,0.0,inf
kRkX_n18,0.002,28.0,65,950,0,200,0.0,inf
kRkX_n18,0.002,28.0,66,950,1,200,0.005,872793.0520478446
kRkX_n18,0.002,28.0,67,950,2,200,0.01,435300.047725719
kRkX_n18,0.002,28.0,68,950,0,200,0.0,inf
kRkX_n18,0.002,28.0,69,950,0,200,0.0,inf
kRkX_n18,0.002,28.0,70,950,5,200,0.025,172799.78106332858
kRkX_n18,0.002,28.0,71,950,3,200,0.015,289467.8125593337
kRkX_n18,0.002,28.0,72,950,4,200,0.02,216550.76262451385
kRkX_n18,0.002,28.0,73,950,1,200,0.005,872793.0520478446
kRkX_n18,0.002,28.0,74,950,0,200,0.0,inf
kRkX_n18,0.002,28.0,75,950,3,200,0.015,289467.8125593337
kRkX_n18,0.002,28.0,76,950,0,200,0.0,inf
kRkX_n18,0.002,28.0,77,950,0,200,0.0,inf
kRkX_n18,0.002,28.0,78,950,0,200,0.0,inf
kRkX_n18,0.002,28.0,79,950,1,200,0.005,872793.0520478446
kRkX_n18,0.002,28.0,80,950,1,200,0.005,872793.0520478446
kRkX_n18,0.002,28.0,81,950,0,200,0.0,inf
kRkX_n18,0.002,28.0,82,950,1,200,0.005,872793.0520478446
kRkX_n18,0.002,28.0,83,950,0,200,0.0,inf
kRkX_n18,0.002,28.0,84,950,0,200,0.0,inf
kRkX_n18,0.002,28.0,85,950,0,200,0.0,inf
kRkX_n18,0.002,28.0,86,950,1,200,0.005,872793.0520478446
kRkX_n18,0.002,28.0,87,950,0,200,0.0,inf
kRkX_n18,0.002,28.0,88,950,2,200,0.01,435300.047725719
kRkX_n18,0.002,28.0,89,950,0,200,0.0,inf
kRkX_n18,0.002,28.0,90,950,4,200,0.02,216550.76262451385
kRkX_n18,0.002,28.0,91,950,0,200,0.0,inf
kRkX_n18,0.002,28.0,92,950,0,200,0.0,inf
kRkX_n18,0.002,28.0,93,950,0,200,0.0,inf
kRkX_n18,0.002,28.0,94,950,0,200,0.0,inf
kRkX_n18,0.002,28.0,95,950,0,200,0.0,inf
kRkX_n18,0.002,28.0,96,950,8,200,0.04,107170.4537738334
kRkX_n18,0.002,28.0,97,950,0,200,0.0,inf
kRkX_n18,0.002,28.0,98,950,0,200,0.0,inf
kRkX_n18,0.002,28.0,99,950,2,200,0.01,435300.047725719
kRkX_n18,0.002,28.0,100,950,7,200,0.035,122797.03210028772
kRkX_n18,0.004,28.0,1,1132,0,200,0.0,inf
kRkX_n18,0.004,28.0,2,1132,2,200,0.01,518694.37265843566
kRkX_n18,0.004,28.0,3,1132,0,200,0.0,inf
kRkX_n18,0.004,28.0,4,1132,0,200,0.0,inf
kRkX_n18,0.004,28.0,5,1132,0,200,0.0,inf
kRkX_n18,0.004,28.0,6,1132,0,200,0.0,inf
kRkX_n18,0.004,28.0,7,1132,0,200,0.0,inf
kRkX_n18,0.004,28.0,8,1132,1,200,0.005,1040001.8262296423
kRkX_n18,0.004,28.0,9,1132,0,200,0.0,inf
kRkX_n18,0.004,28.0,10,1132,0,200,0.0,inf
kRkX_n18,0.004,28.0,11,1132,2,200,0.01,518694.37265843566
kRkX_n18,0.004,28.0,12,1132,0,200,0.0,inf
kRkX_n18,0.004,28.0,13,1132,0,200,0.0,inf
kRkX_n18,0.004,28.0,14,1132,0,200,0.0,inf
kRkX_n18,0.004,28.0,15,1132,2,200,0.01,518694.37265843566
kRkX_n18,0.004,28.0,16,1132,0,200,0.0,inf
kRkX_n18,0.004,28.0,17,1132,1,200,0.005,1040001.8262296423
kRkX_n18,0.004,28.0,18,1132,0,200,0.0,inf
kRkX_n18,0.004,28.0,19,1132,0,200,0.0,inf
kRkX_n18,0.004,28.0,20,1132,0,200,0.0,inf
kRkX_n18,0.004,28.0,21,1132,0,200,0.0,inf
kRkX_n18,0.004,28.0,22,1132,0,200,0.0,inf
kRkX_n18,0.004,28.0,23,1132,0,200,0.0,inf
kRkX_n18,0.004,28.0,24,1132,1,200,0.005,1040001.8262296423
kRkX_n18,0.004,28.0,25,1132,4,200,0.02,258037.329779947
kRkX_n18,0.004,28.0,26,1132,1,200,0.005,1040001.8262296423
kRkX_n18,0.004,28.0,27,1132,0,200,0.0,inf
kRkX_n18,0.004,28.0,28,1132,6,200,0.03,171148.663442922
kRkX_n18,0.004,28.0,29,1132,3,200,0.015,344923.75138649024
kRkX_n18,0.004,28.0,30,1132,1,200,0.005,1040001.8262296423
kRkX_n18,0.004,28.0,31,1132,3,200,0.015,344923.75138649024
kRkX_n18,0.004,28.0,32,1132,0,200,0.0,inf
kRkX_n18,0.004,28.0,33,1132,3,200,0.015,344923.75138649024
kRkX_n18,0.004,28.0,34,1132,1,200,0.005,1040001.8262296423
kRkX_n18,0.004,28.0,35,1132,3,200,0.015,344923.75138649024
kRkX_n18,0.004,28.0,36,1132,2,200,0.01,518694.37265843566
kRkX_n18,0.004,28.0,37,1132,3,200,0.015,344923.75138649024
kRkX_n18,0.004,28.0,38,1132,1,200,0.005,1040001.8262296423
kRkX_n18,0.004,28.0,39,1132,0,200,0.0,inf
kRkX_n18,0.004,28.0,40,1132,0,200,0.0,inf
kRkX_n18,0.004,28.0,41,1132,1,200,0.005,1040001.8262296423
kRkX_n18,0.004,28.0,42,1132,5,200,0.025,205904.58122493466
kRkX_n18,0.004,28.0,43,1132,1,200,0.005,1040001.8262296423
kRkX_n18,0.004,28.0,44,1132,0,200,0.0,inf
kRkX_n18,0.004,28.0,45,1132,0,200,0.0,inf
kRkX_n18,0.004,28.0,46,1132,2,200,0.01,518694.37265843566
kRkX_n18,0.004,28.0,47,1132,2,200,0.01,518694.37265843566
kRkX_n18,0.004,28.0,48,1132,5,200,0.025,205904.58122493466
kRkX_n18,0.004,28.0,49,1132,0,200,0.0,inf
kRkX_n18,0.004,28.0,50,1132,6,200,0.03,171148.663442922
kRkX_n18,0.004,28.0,51,1132,0,200,0.0,inf
kRkX_n18,0.004,28.0,52,1132,0,200,0.0,inf
kRkX_n18,0.004,28.0,53,1132,3,200,0.015,344923.75138649024
kRkX_n18,0.004,28.0,54,1132,0,200,0.0,inf
kRkX_n18,0.004,28.0,55,1132,2,200,0.01,518694.37265843566
kRkX_n18,0.004,28.0,56,1132,4,200,0.02,258037.329779947
kRkX_n18,0.004,28.0,57,1132,2,200,0.01,518694.37265843566
kRkX_n18,0.004,28.0,58,1132,2,200,0.01,518694.37265843566
kRkX_n18,0.004,28.0,59,1132,5,200,0.025,205904.58122493466
kRkX_n18,0.004,28.0,60,1132,1,200,0.005,1040001.8262296423
kRkX_n18,0.004,28.0,61,1132,0,200,0.0,inf
kRkX_n18,0.004,28.0,62,1132,3,200,0.015,344923.75138649024
kRkX_n18,0.004,28.0,63,1132,4,200,0.02,258037.329779947
kRkX_n18,0.004,28.0,64,1132,0,200,0.0,inf
kRkX_n18,0.004,28.0,65,1132,0,200,0.0,inf
kRkX_n18,0.004,28.0,66,1132,2,200,0.01,518694.37265843566
kRkX_n18,0.004,28.0,67,1132,2,200,0.01,518694.37265843566
kRkX_n18,0.004,28.0,68,1132,0,200,0.0,inf
kRkX_n18,0.004,28.0,69,1132,0,200,0.0,inf
kRkX_n18,0.004,28.0,70,1132,1,200,0.005,1040001.8262296423
kRkX_n18,0.004,28.0,71,1132,1,200,0.005,1040001.8262296423
kRkX_n18,0.004,28.0,72,1132,4,200,0.02,258037.329779947
kRkX_n18,0.004,28.0,73,1132,4,200,0.02,258037.329779947
kRkX_n18,0.004,28.0,74,1132,1,200,0.005,1040001.8262296423
kRkX_n18,0.004,28.0,75,1132,1,200,0.005,1040001.8262296423
kRkX_n18,0.004,28.0,76,1132,0,200,0.0,inf
kRkX_n18,0.004,28.0,77,1132,0,200,0.0,inf
kRkX_n18,0.004,28.0,78,1132,0,200,0.0,inf
kRkX_n18,0.004,28.0,79,1132,1,200,0.005,1040001.8262296423
kRkX_n18,0.004,28.0,80,1132,0,200,0.0,inf
kRkX_n18,0.004,28.0,81,1132,0,200,0.0,inf
kRkX_n18,0.004,28.0,82,1132,4,200,0.02,258037.329779947
kRkX_n18,0.004,28.0,83,1132,0,200,0.0,inf
kRkX_n18,0.004,28.0,84,1132,0,200,0.0,inf
kRkX_n18,0.004,28.0,85,1132,0,200,0.0,inf
kRkX_n18,0.004,28.0,86,1132,3,200,0.015,344923.75138649024
kRkX_n18,0.004,28.0,87,1132,0,200,0.0,inf
kRkX_n18,0.004,28.0,88,1132,0,200,0.0,inf
kRkX_n18,0.004,28.0,89,1132,6,200,0.03,171148.663442922
kRkX_n18,0.004,28.0,90,1132,0,200,0.0,inf
kRkX_n18,0.004,28.0,91,1132,1,200,0.005,1040001.8262296423
kRkX_n18,0.004,28.0,92,1132,0,200,0.0,inf
kRkX_n18,0.004,28.0,93,1132,0,200,0.0,inf
kRkX_n18,0.004,28.0,94,1132,0,200,0.0,inf
kRkX_n18,0.004,28.0,95,1132,0,200,0.0,inf
kRkX_n18,0.004,28.0,96,1132,6,200,0.03,171148.663442922
kRkX_n18,0.004,28.0,97,1132,0,200,0.0,inf
kRkX_n18,0.004,28.0,98,1132,2,200,0.01,518694.37265843566
kRkX_n18,0.004,28.0,99,1132,3,200,0.015,344923.75138649024
kRkX_n18,0.004,28.0,100,1132,1,200,0.005,1040001.8262296423
kRkX_n24,3e-05,28.0,1,222165,0,200,0.0,inf
kRkX_n24,3e-05,28.0,2,222165,0,200,0.0,inf
kRkX_n24,3e-05,28.0,3,222165,32,200,0.16,5868011.233532771
kRkX_n24,3e-05,28.0,4,222165,62,200,0.31,2757229.2457596534
kRkX_n24,3e-05,28.0,5,222165,56,200,0.28,3114444.347068422
kRkX_n24,3e-05,28.0,6,222165,0,200,0.0,inf
kRkX_n24,3e-05,28.0,7,222165,0,200,0.0,inf
kRkX_n24,3e-05,28.0,8,222165,0,200,0.0,inf
kRkX_n24,3e-05,28.0,9,222165,0,200,0.0,inf
kRkX_n24,3e-05,28.0,10,222165,25,200,0.125,7661925.890692416
kRkX_n24,3e-05,28.0,11,222165,48,200,0.24,3728025.7749423687
kRkX_n24,3e-05,28.0,12,222165,0,200,0.0,inf
kRkX_n24,3e-05,28.0,13,222165,0,200,0.0,inf
kRkX_n24,3e-05,28.0,14,222165,17,200,0.085,11517433.925298808
kRkX_n24,3e-05,28.0,15,222165,52,200,0.26,3397842.3443812174
kRkX_n24,3e-05,28.0,16,222165,0,200,0.0,inf
kRkX_n24,3e-05,28.0,17,222165,0,200,0.0,inf
kRkX_n24,3e-05,28.0,18,222165,0,200,0.0,inf
kRkX_n24,3e-05,28.0,19,222165,0,200,0.0,inf
kRkX_n24,3e-05,28.0,20,222165,0,200,0.0,inf
kRkX_n24,3e-05,28.0,21,222165,25,200,0.125,7661925.890692416
kRkX_n24,3e-05,28.0,22,222165,0,200,0.0,inf
kRkX_n24,3e-05,28.0,23,222165,30,200,0.15,6295313.6445810255
kRkX_n24,3e-05,28.0,24,222165,51,200,0.255,3475571.38353119
kRkX_n24,3e-05,28.0,25,222165,19,200,0.095,10249491.062893407
kRkX_n24,3e-05,28.0,26,222165,0,200,0.0,inf
kRkX_n24,3e-05,28.0,27,222165,27,200,0.135,7054660.836526993
kRkX_n24,3e-05,28.0,28,222165,23,200,0.115,8374621.011208635
kRkX_n24,3e-05,28.0,29,222165,0,200,0.0,inf
kRkX_n24,3e-05,28.0,30,222165,0,200,0.0,inf
kRkX_n24,3e-05,28.0,31,222165,0,200,0.0,inf
kRkX_n24,3e-05,28.0,32,222165,41,200,0.205,4459672.736600855
kRkX_n24,3e-05,28.0,33,222165,0,200,0.0,inf
kRkX_n24,3e-05,28.0,34,222165,0,200,0.0,inf
kRkX_n24,3e-05,28.0,35,222165,29,200,0.145,6531010.219755827
kRkX_n24,3e-05,28.0,36,222165,100,200,0.5,1476032.3104013016
kRkX_n24,3e-05,28.0,37,222165,0,200,0.0,inf
kRkX_n24,3e-05,28.0,38,222165,74,200,0.37,2214348.732591659
kRkX_n24,3e-05,28.0,39,222165,0,200,0.0,inf
kRkX_n24,3e-05,28.0,40,222165,0,200,0.0,inf
kRkX_n24,3e-05,28.0,41,222165,50,200,0.25,3556383.00868237
kRkX_n24,3e-05,28.0,42,222165,43,200,0.215,4226467.699466349
kRkX_n24,3e-05,28.0,43,222165,61,200,0.305,2811944.7553599067
kRkX_n24,3e-05,28.0,44,222165,0,200,0.0,inf
kRkX_n24,3e-05,28.0,45,222165,0,200,0.0,inf
kRkX_n24,3e-05,28.0,46,222165,26,200,0.13,7346635.404455723
kRkX_n24,3e-05,28.0,47,222165,52,200,0.26,3397842.3443812174
kRkX_n24,3e-05,28.0,48,222165,51,200,0.255,3475571.38353119
kRkX_n24,3e-05,28.0,49,222165,0,200,0.0,inf
kRkX_n24,3e-05,28.0,50,222165,58,200,0.29,2987260.0994647066
kRkX_n24,3e-05,28.0,51,222165,36,200,0.18,5155468.8576897485
kRkX_n24,3e-05,28.0,52,222165,0,200,0.0,inf
kRkX_n24,3e-05,28.0,53,222165,0,200,0.0,inf
kRkX_n24,3e-05,28.0,54,222165,48,200,0.24,3728025.7749423687
kRkX_n24,3e-05,28.0,55,222165,0,200,0.0,inf
kRkX_n24,3e-05,28.0,56,222165,0,200,0.0,inf
kRkX_n24,3e-05,28.0,57,222165,0,200,0.0,inf
kRkX_n24,3e-05,28.0,58,222165,0,200,0.0,inf
kRkX_n24,3e-05,28.0,59,222165,53,200,0.265,3323021.1481602434
kRkX_n24,3e-05,28.0,60,222165,0,200,0.0,inf
kRkX_n24,3e-05,28.0,61,222165,53,200,0.265,3323021.1481602434
kRkX_n24,3e-05,28.0,62,222165,32,200,0.16,5868011.233532771
kRkX_n24,3e-05,28.0,63,222165,0,200,0.0,inf
kRkX_n24,3e-05,28.0,64,222165,0,200,0.0,inf
kRkX_n24,3e-05,28.0,65,222165,24,200,0.12,8003447.161611716
kRkX_n24,3e-05,28.0,66,222165,48,200,0.24,3728025.7749423687
kRkX_n24,3e-05,28.0,67,222165,0,200,0.0,inf
kRkX_n24,3e-05,28.0,68,222165,0,200,0.0,inf
kRkX_n24,3e-05,28.0,69,222165,24,200,0.12,8003447.161611716
kRkX_n24,3e-05,28.0,70,222165,41,200,0.205,4459672.736600855
kRkX_n24,3e-05,28.0,71,222165,22,200,0.11,8779491.3720402
kRkX_n24,3e-05,28.0,72,222165,0,200,0.0,inf
kRkX_n24,3e-05,28.0,73,222165,24,200,0.12,8003447.161611716
kRkX_n24,3e-05,28.0,74,222165,0,200,0.0,inf
kRkX_n24,3e-05,28.0,75,222165,0,200,0.0,inf
kRkX_n24,3e-05,28.0,76,222165,41,200,0.205,4459672.736600855
kRkX_n24,3e-05,28.0,77,222165,56,200,0.28,3114444.347068422
kRkX_n24,3e-05,28.0,78,222165,0,200,0.0,inf
kRkX_n24,3e-05,28.0,79,222165,39,200,0.195,4716672.707468794
kRkX_n24,3e-05,28.0,80,222165,0,200,0.0,inf
kRkX_n24,3e-05,28.0,81,222165,0,200,0.0,inf
kRkX_n24,3e-05,28.0,82,222165,30,200,0.15,6295313.6445810255
kRkX_n24,3e-05,28.0,83,222165,25,200,0.125,7661925.890692416
kRkX_n24,3e-05,28.0,84,222165,34,200,0.17,5490849.302082262
kRkX_n24,3e-05,28.0,85,222165,0,200,0.0,inf
kRkX_n24,3e-05,28.0,86,222165,19,200,0.095,10249491.062893407
kRkX_n24,3e-05,28.0,87,222165,0,200,0.0,inf
kRkX_n24,3e-05,28.0,88,222165,49,200,0.245,3640466.222933427
kRkX_n24,3e-05,28.0,89,222165,33,200,0.165,5673732.637418999
kRkX_n24,3e-05,28.0,90,222165,50,200,0.25,3556383.00868237
kRkX_n24,3e-05,28.0,91,222165,54,199,0.271356783919598,3231841.730217889
kRkX_n24,3e-05,28.0,92,222165,0,200,0.0,inf
kRkX_n24,3e-05,28.0,93,222165,0,200,0.0,inf
kRkX_n24,3e-05,28.0,94,222165,62,200,0.31,2757229.2457596534
kRkX_n24,3e-05,28.0,95,222165,21,200,0.105,9222872.4435758
kRkX_n24,3e-05,28.0,96,222165,45,200,0.225,4013882.869565621
kRkX_n24,3e-05,28.0,97,222165,21,200,0.105,9222872.4435758
kRkX_n24,3e-05,28.0,98,222165,60,200,0.3,2868459.5084587373
kRkX_n24,3e-05,28.0,99,222165,0,200,0.0,inf
kRkX_n24,3e-05,28.0,100,222165,0,200,0.0,inf
kRkX_n24,5e-05,28.0,1,156873,0,200,0.0,inf
kRkX_n24,5e-05,28.0,2,156873,0,200,0.0,inf
kRkX_n24,5e-05,28.0,3,156873,21,200,0.105,6512365.443886601
kRkX_n24,5e-05,28.0,4,156873,42,200,0.21,3064736.5983331245
kRkX_n24,5e-05,28.0,5,156873,27,200,0.135,4981368.844815785
kRkX_n24,5e-05,28.0,6,156873,0,200,0.0,inf
kRkX_n24,5e-05,28.0,7,156873,0,200,0.0,inf
kRkX_n24,5e-05,28.0,8,156873,0,200,0.0,inf
kRkX_n24,5e-05,28.0,9,156873,0,200,0.0,inf
kRkX_n24,5e-05,28.0,10,156873,19,200,0.095,7237271.449189915
kRkX_n24,5e-05,28.0,11,156873,51,200,0.255,2454136.8336537634
kRkX_n24,5e-05,28.0,12,156873,0,200,0.0,inf
kRkX_n24,5e-05,28.0,13,156873,0,200,0.0,inf
kRkX_n24,5e-05,28.0,14,156873,21,200,0.105,6512365.443886601
kRkX_n24,5e-05,28.0,15,156873,43,200,0.215,2984352.4741448225
kRkX_n24,5e-05,28.0,16,156873,0,200,0.0,inf
kRkX_n24,5e-05,28.0,17,156873,0,200,0.0,inf
kRkX_n24,5e-05,28.0,18,156873,0,200,0.0,inf
kRkX_n24,5e-05,28.0,19,156873,0,200,0.0,inf
kRkX_n24,5e-05,28.0,20,156873,0,200,0.0,inf
kRkX_n24,5e-05,28.0,21,156873,22,200,0.11,6199289.492071489
kRkX_n24,5e-05,28.0,22,156873,0,200,0.0,inf
kRkX_n24,5e-05,28.0,23,156873,23,200,0.115,5913406.350646286
kRkX_n24,5e-05,28.0,24,156873,32,200,0.16,4143463.309873231
kRkX_n24,5e-05,28.0,25,156873,15,200,0.075,9266451.752588471
kRkX_n24,5e-05,28.0,26,156873,0,200,0.0,inf
kRkX_n24,5e-05,28.0,27,156873,27,200,0.135,4981368.844815785
kRkX_n24,5e-05,28.0,28,156873,13,200,0.065,10749000.180506496
kRkX_n24,5e-05,28.0,29,156873,0,200,0.0,inf
kRkX_n24,5e-05,28.0,30,156873,0,200,0.0,inf
kRkX_n24,5e-05,28.0,31,156873,0,200,0.0,inf
kRkX_n24,5e-05,28.0,32,156873,31,200,0.155,4289470.64720135
kRkX_n24,5e-05,28.0,33,156873,0,200,0.0,inf
kRkX_n24,5e-05,28.0,34,156873,0,200,0.0,inf
kRkX_n24,5e-05,28.0,35,156873,17,200,0.085,8132578.99382621
kRkX_n24,5e-05,28.0,36,156873,69,200,0.345,1707380.3851788817
kRkX_n24,5e-05,28.0,37,156873,0,200,0.0,inf
kRkX_n24,5e-05,28.0,38,156873,38,200,0.19,3428356.714448404
kRkX_n24,5e-05,28.0,39,156873,0,200,0.0,inf
kRkX_n24,5e-05,28.0,40,156873,0,200,0.0,inf
kRkX_n24,5e-05,28.0,41,156873,39,200,0.195,3330491.2908817865
kRkX_n24,5e-05,28.0,42,156873,34,200,0.17,3877145.376479421
kRkX_n24,5e-05,28.0,43,156873,34,200,0.17,3877145.376479421
kRkX_n24,5e-05,28.0,44,156873,0,200,0.0,inf
kRkX_n24,5e-05,28.0,45,156873,0,200,0.0,inf
kRkX_n24,5e-05,28.0,46,156873,21,200,0.105,6512365.443886601
kRkX_n24,5e-05,28.0,47,156873,44,200,0.22,2907602.47237717
kRkX_n24,5e-05,28.0,48,156873,39,200,0.195,3330491.2908817865
kRkX_n24,5e-05,28.0,49,156873,0,200,0.0,inf
kRkX_n24,5e-05,28.0,50,156873,45,200,0.225,2834244.131151926
kRkX_n24,5e-05,28.0,51,156873,19,200,0.095,7237271.449189915
kRkX_n24,5e-05,28.0,52,156873,0,200,0.0,inf
kRkX_n24,5e-05,28.0,53,156873,0,200,0.0,inf
kRkX_n24,5e-05,28.0,54,156873,29,200,0.145,4611613.738454553
kRkX_n24,5e-05,28.0,55,156873,0,200,0.0,inf
kRkX_n24,5e-05,28.0,56,156873,0,200,0.0,inf
kRkX_n24,5e-05,28.0,57,156873,0,200,0.0,inf
kRkX_n24,5e-05,28.0,58,156873,0,200,0.0,inf
kRkX_n24,5e-05,28.0,59,156873,33,200,0.165,4006281.1875400296
kRkX_n24,5e-05,28.0,60,156873,0,200,0.0,inf
kRkX_n24,5e-05,28.0,61,156873,41,200,0.205,3149020.9583363086
kRkX_n24,5e-05,28.0,62,156873,21,200,0.105,6512365.443886601
kRkX_n24,5e-05,28.0,63,156873,0,200,0.0,inf
kRkX_n24,5e-05,28.0,64,156873,0,200,0.0,inf
kRkX_n24,5e-05,28.0,65,156873,19,200,0.095,7237271.449189915
kRkX_n24,5e-05,28.0,66,156873,36,200,0.18,3640329.782424612
kRkX_n24,5e-05,28.0,67,156873,0,200,0.0,inf
kRkX_n24,5e-05,28.0,68,156873,0,200,0.0,inf
kRkX_n24,5e-05,28.0,69,156873,15,200,0.075,9266451.752588471
kRkX_n24,5e-05,28.0,70,156873,29,200,0.145,4611613.738454553
kRkX_n24,5e-05,28.0,71,156873,30,200,0.15,4445185.953531651
kRkX_n24,5e-05,28.0,72,156873,0,200,0.0,inf
kRkX_n24,5e-05,28.0,73,156873,22,200,0.11,6199289.492071489
kRkX_n24,5e-05,28.0,74,156873,0,200,0.0,inf
kRkX_n24,5e-05,28.0,75,156873,0,200,0.0,inf
kRkX_n24,5e-05,28.0,76,156873,42,200,0.21,3064736.5983331245
kRkX_n24,5e-05,28.0,77,156873,41,200,0.205,3149020.9583363086
kRkX_n24,5e-05,28.0,78,156873,0,200,0.0,inf
kRkX_n24,5e-05,28.0,79,156873,28,200,0.14,4789902.00928936
kRkX_n24,5e-05,28.0,80,156873,0,200,0.0,inf
kRkX_n24,5e-05,28.0,81,156873,0,200,0.0,inf
kRkX_n24,5e-05,28.0,82,156873,16,200,0.08,8664103.17309394
kRkX_n24,5e-05,28.0,83,156873,24,200,0.12,5651316.66366671
kRkX_n24,5e-05,28.0,84,156873,15,200,0.075,9266451.752588471
kRkX_n24,5e-05,28.0,85,156873,0,200,0.0,inf
kRkX_n24,5e-05,28.0,86,156873,19,200,0.095,7237271.449189915
kRkX_n24,5e-05,28.0,87,156873,0,200,0.0,inf
kRkX_n24,5e-05,28.0,88,156873,27,200,0.135,4981368.844815785
kRkX_n24,5e-05,28.0,89,156873,15,200,0.075,9266451.752588471
kRkX_n24,5e-05,28.0,90,156873,34,200,0.17,3877145.376479421
kRkX_n24,5e-05,28.0,91,156873,35,200,0.175,3755365.987433731
kRkX_n24,5e-05,28.0,92,156873,0,200,0.0,inf
kRkX_n24,5e-05,28.0,93,156873,0,200,0.0,inf
kRkX_n24,5e-05,28.0,94,156873,39,200,0.195,3330491.2908817865
kRkX_n24,5e-05,28.0,95,156873,20,200,0.1,6856713.428896807
kRkX_n24,5e-05,28.0,96,156873,43,200,0.215,2984352.4741448225
kRkX_n24,5e-05,28.0,97,156873,16,200,0.08,8664103.17309394
kRkX_n24,5e-05,28.0,98,156873,33,200,0.165,4006281.1875400296
kRkX_n24,5e-05,28.0,99,156873,0,200,0.0,inf
kRkX_n24,5e-05,28.0,100,156873,0,200,0.0,inf
kRkX_n24,7e-05,28.0,1,109453,0,200,0.0,inf
kRkX_n24,7e-05,28.0,2,109453,0,200,0.0,inf
kRkX_n24,7e-05,28.0,3,109453,12,200,0.06,8146204.502575388
kRkX_n24,7e-05,28.0,4,109453,31,200,0.155,2992837.714253756
kRkX_n24,7e-05,28.0,5,109453,25,200,0.125,3774765.4874258186
kRkX_n24,7e-05,28.0,6,109453,0,200,0.0,inf
kRkX_n24,7e-05,28.0,7,109453,0,200,0.0,inf
kRkX_n24,7e-05,28.0,8,109453,0,200,0.0,inf
kRkX_n24,7e-05,28.0,9,109453,0,200,0.0,inf
kRkX_n24,7e-05,28.0,10,109453,12,200,0.06,8146204.502575388
kRkX_n24,7e-05,28.0,11,109453,26,200,0.13,3619432.786099936
kRkX_n24,7e-05,28.0,12,109453,0,200,0.0,inf
kRkX_n24,7e-05,28.0,13,109453,0,200,0.0,inf
kRkX_n24,7e-05,28.0,14,109453,9,200,0.045,10947145.460885229
kRkX_n24,7e-05,28.0,15,109453,24,200,0.12,3943021.1877653417
kRkX_n24,7e-05,28.0,16,109453,0,200,0.0,inf
kRkX_n24,7e-05,28.0,17,109453,0,200,0.0,inf
kRkX_n24,7e-05,28.0,18,109453,0,200,0.0,inf
kRkX_n24,7e-05,28.0,19,109453,0,200,0.0,inf
kRkX_n24,7e-05,28.0,20,109453,0,200,0.0,inf
kRkX_n24,7e-05,28.0,21,109453,13,200,0.065,7499762.972321415
kRkX_n24,7e-05,28.0,22,109453,0,200,0.0,inf
kRkX_n24,7e-05,28.0,23,109453,7,200,0.035,14147898.478392413
kRkX_n24,7e-05,28.0,24,109453,21,200,0.105,4543789.784919777
kRkX_n24,7e-05,28.0,25,109453,18,200,0.09,5344566.439272207
kRkX_n24,7e-05,28.0,26,109453,0,200,0.0,inf
kRkX_n24,7e-05,28.0,27,109453,15,200,0.075,6465363.342806385
kRkX_n24,7e-05,28.0,28,109453,14,200,0.07,6945637.042685085
kRkX_n24,7e-05,28.0,29,109453,0,200,0.0,inf
kRkX_n24,7e-05,28.0,30,109453,0,200,0.0,inf
kRkX_n24,7e-05,28.0,31,109453,0,200,0.0,inf
kRkX_n24,7e-05,28.0,32,109453,15,200,0.075,6465363.342806385
kRkX_n24,7e-05,28.0,33,109453,0,200,0.0,inf
kRkX_n24,7e-05,28.0,34,109453,0,200,0.0,inf
kRkX_n24,7e-05,28.0,35,109453,20,200,0.1,4784047.318104724
kRkX_n24,7e-05,28.0,36,109453,58,200,0.29,1471719.5762910924
kRkX_n24,7e-05,28.0,37,109453,0,200,0.0,inf
kRkX_n24,7e-05,28.0,38,109453,28,200,0.14,3341997.313895624
kRkX_n24,7e-05,28.0,39,109453,0,200,0.0,inf
kRkX_n24,7e-05,28.0,40,109453,0,200,0.0,inf
kRkX_n24,7e-05,28.0,41,109453,27,200,0.135,3475587.030091999
kRkX_n24,7e-05,28.0,42,109453,18,200,0.09,5344566.439272207
kRkX_n24,7e-05,28.0,43,109453,29,200,0.145,3217602.509769471
kRkX_n24,7e-05,28.0,44,109453,0,200,0.0,inf
kRkX_n24,7e-05,28.0,45,109453,0,200,0.0,inf
kRkX_n24,7e-05,28.0,46,109453,13,200,0.065,7499762.972321415
kRkX_n24,7e-05,28.0,47,109453,26,200,0.13,3619432.786099936
kRkX_n24,7e-05,28.0,48,109453,24,200,0.12,3943021.1877653417
kRkX_n24,7e-05,28.0,49,109453,0,200,0.0,inf
kRkX_n24,7e-05,28.0,50,109453,29,200,0.145,3217602.509769471
kRkX_n24,7e-05,28.0,51,109453,12,200,0.06,8146204.502575388
kRkX_n24,7e-05,28.0,52,109453,0,200,0.0,inf
kRkX_n24,7e-05,28.0,53,109453,0,200,0.0,inf
kRkX_n24,7e-05,28.0,54,109453,27,200,0.135,3475587.030091999
kRkX_n24,7e-05,28.0,55,109453,0,200,0.0,inf
kRkX_n24,7e-05,28.0,56,109453,0,200,0.0,inf
kRkX_n24,7e-05,28.0,57,109453,0,200,0.0,inf
kRkX_n24,7e-05,28.0,58,109453,0,200,0.0,inf
kRkX_n24,7e-05,28.0,59,109453,23,200,0.115,4125885.686493456
kRkX_n24,7e-05,28.0,60,109453,0,200,0.0,inf
kRkX_n24,7e-05,28.0,61,109453,33,200,0.165,2795251.539906924
kRkX_n24,7e-05,28.0,62,109453,15,200,0.075,6465363.342806385
kRkX_n24,7e-05,28.0,63,109453,0,200,0.0,inf
kRkX_n24,7e-05,28.0,64,109453,0,200,0.0,inf
kRkX_n24,7e-05,28.0,65,109453,13,200,0.065,7499762.972321415
kRkX_n24,7e-05,28.0,66,109453,30,200,0.15,3101482.971396606
kRkX_n24,7e-05,28.0,67,109453,0,200,0.0,inf
kRkX_n24,7e-05,28.0,68,109453,0,200,0.0,inf
kRkX_n24,7e-05,28.0,69,109453,16,200,0.08,6045094.341312086
kRkX_n24,7e-05,28.0,70,109453,21,200,0.105,4543789.784919777
kRkX_n24,7e-05,28.0,71,109453,12,200,0.06,8146204.502575388
kRkX_n24,7e-05,28.0,72,109453,0,200,0.0,inf
kRkX_n24,7e-05,28.0,73,109453,16,200,0.08,6045094.341312086
kRkX_n24,7e-05,28.0,74,109453,0,200,0.0,inf
kRkX_n24,7e-05,28.0,75,109453,0,200,0.0,inf
kRkX_n24,7e-05,28.0,76,109453,20,200,0.1,4784047.318104724
kRkX_n24,7e-05,28.0,77,109453,23,200,0.115,4125885.686493456
kRkX_n24,7e-05,28.0,78,109453,0,200,0.0,inf
kRkX_n24,7e-05,28.0,79,109453,21,200,0.105,4543789.784919777
kRkX_n24,7e-05,28.0,80,109453,0,200,0.0,inf
kRkX_n24,7e-05,28.0,81,109453,0,200,0.0,inf
kRkX_n24,7e-05,28.0,82,109453,16,200,0.08,6045094.341312086
kRkX_n24,7e-05,28.0,83,109453,16,200,0.08,6045094.341312086
kRkX_n24,7e-05,28.0,84,109453,14,200,0.07,6945637.042685085
kRkX_n24,7e-05,28.0,85,109453,0,200,0.0,inf
kRkX_n24,7e-05,28.0,86,109453,13,200,0.065,7499762.972321415
kRkX_n24,7e-05,28.0,87,109453,0,200,0.0,inf
kRkX_n24,7e-05,28.0,88,109453,27,200,0.135,3475587.030091999
kRkX_n24,7e-05,28.0,89,109453,12,200,0.06,8146204.502575388
kRkX_n24,7e-05,28.0,90,109453,24,200,0.12,3943021.1877653417
kRkX_n24,7e-05,28.0,91,109453,22,200,0.11,4325351.289104566
kRkX_n24,7e-05,28.0,92,109453,0,200,0.0,inf
kRkX_n24,7e-05,28.0,93,109453,0,200,0.0,inf
kRkX_n24,7e-05,28.0,94,109453,30,200,0.15,3101482.971396606
kRkX_n24,7e-05,28.0,95,109453,11,200,0.055,8910138.952740332
kRkX_n24,7e-05,28.0,96,109453,24,200,0.12,3943021.1877653417
kRkX_n24,7e-05,28.0,97,109453,10,200,0.05,9826814.564854557
kRkX_n24,7e-05,28.0,98,109453,30,200,0.15,3101482.971396606
kRkX_n24,7e-05,28.0,99,109453,0,200,0.0,inf
kRkX_n24,7e-05,28.0,100,109453,0,200,0.0,inf
