prefix,thld_delta,instance,tau_star_val,succ_trials,total_trials,Ps_hat,TTS_at_tau_star
uf100,0.1,1,883,53,200,0.265,13207.425444266626
uf100,0.1,2,883,5,200,0.025,160612.84913570437
uf100,0.1,3,883,49,200,0.245,14469.118334797182
uf100,0.1,4,883,100,200,0.5,5866.525015571082
uf100,0.1,5,883,9,200,0.045,88314.88805205573
uf100,0.1,6,883,199,200,0.995,767.4823897679814
uf100,0.1,7,883,114,200,0.57,4818.139193974501
uf100,0.1,8,883,4,200,0.02,201278.23515520603
uf100,0.1,9,883,22,200,0.11,34894.294247570484
uf100,0.1,10,883,31,200,0.155,24144.38801756065
uf100,0.1,11,883,49,200,0.245,14469.118334797182
uf100,0.1,12,883,61,200,0.305,11176.140341560542
uf100,0.1,13,883,94,200,0.47,6404.952651199127
uf100,0.1,14,883,17,200,0.085,45776.31110228365
uf100,0.1,15,883,68,200,0.34,9786.315607086397
uf100,0.1,16,883,8,200,0.04,99612.11650767883
uf100,0.1,17,883,94,200,0.47,6404.952651199127
uf100,0.1,18,883,119,200,0.595,4498.847531975326
uf100,0.1,19,883,182,200,0.91,1688.728042534194
uf100,0.1,20,883,119,200,0.595,4498.847531975326
uf100,0.2,1,527,37,200,0.185,11863.70588467344
uf100,0.2,2,527,4,200,0.02,120128.68621380924
uf100,0.2,3,527,54,200,0.27,7711.604156546648
uf100,0.2,4,527,62,200,0.31,6540.453323049703
uf100,0.2,5,527,12,200,0.06,39222.769342614905
uf100,0.2,6,527,196,200,0.98,620.375873211439
uf100,0.2,7,527,108,200,0.54,3125.3505611576047
uf100,0.2,8,527,5,200,0.025,95858.40486355174
uf100,0.2,9,527,13,200,0.065,36110.249023904194
uf100,0.2,10,527,25,200,0.125,18174.937296130818
uf100,0.2,11,527,39,200,0.195,11188.470356879141
uf100,0.2,12,527,52,200,0.26,8060.058584785639
uf100,0.2,13,527,55,200,0.275,7546.791894645084
uf100,0.2,14,527,11,200,0.055,42901.000686085856
uf100,0.2,15,527,55,200,0.275,7546.791894645084
uf100,0.2,16,527,8,200,0.04,59451.39909348442
uf100,0.2,17,527,67,200,0.335,5948.807921842998
uf100,0.2,18,527,84,200,0.42,4455.303126832146
uf100,0.2,19,527,158,200,0.79,1555.0752504620564
uf100,0.2,20,527,94,200,0.47,3822.6614350871346
uf100,0.3,1,404,23,200,0.115,15228.982461361098
uf100,0.3,2,404,5,200,0.025,73485.38057851026
uf100,0.3,3,404,37,200,0.185,9094.757452387228
uf100,0.3,4,404,41,200,0.205,8109.773301765559
uf100,0.3,5,404,11,200,0.055,32888.053656885546
uf100,0.3,6,404,193,200,0.965,554.9709908245142
uf100,0.3,7,404,83,200,0.415,3470.132514848653
uf100,0.3,8,404,2,200,0.01,185117.07292756892
uf100,0.3,9,404,5,200,0.025,73485.38057851026
uf100,0.3,10,404,18,200,0.09,19727.233072332157
uf100,0.3,11,404,32,200,0.16,10670.792151541598
uf100,0.3,12,404,37,200,0.185,9094.757452387228
uf100,0.3,13,404,39,200,0.195,8577.119590472814
uf100,0.3,14,404,17,200,0.085,20944.087978847787
uf100,0.3,15,404,38,200,0.19,8829.155512020267
uf100,0.3,16,404,8,200,0.04,45575.645604872305
uf100,0.3,17,404,59,200,0.295,5322.411568834762
uf100,0.3,18,404,70,200,0.35,4318.854545150747
uf100,0.3,19,404,145,200,0.725,1441.1398544351448
uf100,0.3,20,404,76,200,0.38,3891.9443930121674
uf100,0.4,1,312,23,200,0.115,11760.99635629867
uf100,0.4,2,312,4,200,0.02,71119.82940931401
uf100,0.4,3,312,43,200,0.215,5935.489038478161
uf100,0.4,4,312,46,200,0.23,5497.348132548577
uf100,0.4,5,312,9,200,0.045,31205.260557464768
uf100,0.4,6,312,193,200,0.965,428.59145826051594
uf100,0.4,7,312,76,200,0.38,3005.6600262866245
uf100,0.4,8,312,0,199,0.0,inf
uf100,0.4,9,312,5,200,0.025,56751.085991324755
uf100,0.4,10,312,12,200,0.06,23221.07027494469
uf100,0.4,11,312,27,199,0.135678391959799,9853.98580150773
uf100,0.4,12,312,35,200,0.175,7468.93466740181
uf100,0.4,13,312,44,200,0.22,5782.843264179795
uf100,0.4,14,312,14,200,0.07,19798.806403823986
uf100,0.4,15,312,34,200,0.17,7711.138038168325
uf100,0.4,16,312,4,200,0.02,71119.82940931401
uf100,0.4,17,312,41,200,0.205,6262.99324294766
uf100,0.4,18,312,45,200,0.225,5636.943061708522
uf100,0.4,19,312,130,200,0.65,1368.6252789865775
uf100,0.4,20,312,42,199,0.21105527638190955,6060.993172962694
uf100,0.5,1,296,25,200,0.125,10208.313927238562
uf100,0.5,2,296,1,200,0.005,271943.94042753894
uf100,0.5,3,296,32,200,0.16,7818.204150634438
uf100,0.5,4,296,46,200,0.23,5215.432843699931
uf100,0.5,5,296,9,200,0.045,29604.990785287082
uf100,0.5,6,296,187,200,0.935,498.6999081430081
uf100,0.5,7,296,78,200,0.39,2757.719033894125
uf100,0.5,8,296,0,200,0.0,inf
uf100,0.5,9,296,3,200,0.015,90192.0763342766
uf100,0.5,10,296,13,200,0.065,20282.03740242057
uf100,0.5,11,296,20,200,0.1,12937.772433455437
uf100,0.5,12,296,39,200,0.195,6284.226234603844
uf100,0.5,13,296,38,200,0.19,6468.886216727719
uf100,0.5,14,296,8,200,0.04,33392.05717584703
uf100,0.5,15,296,27,200,0.135,9399.228535601871
uf100,0.5,16,296,4,200,0.02,67472.65867037483
uf100,0.5,17,296,39,200,0.195,6284.226234603844
uf100,0.5,18,296,51,200,0.255,4630.653476133649
uf100,0.5,19,296,126,200,0.63,1371.010569046021
uf100,0.5,20,296,49,200,0.245,4850.349974065646
uf100,0.6,1,286,20,200,0.1,12500.68552691978
uf100,0.6,2,286,4,200,0.02,65193.17695853784
uf100,0.6,3,286,27,200,0.135,9081.687031020727
uf100,0.6,4,286,40,200,0.2,5902.382862671249
uf100,0.6,5,286,8,200,0.04,32263.94713612247
uf100,0.6,6,286,192,200,0.96,409.1734956089905
uf100,0.6,7,286,81,200,0.405,2536.7762228682395
uf100,0.6,8,286,3,200,0.015,87145.04672838887
uf100,0.6,9,286,4,200,0.02,65193.17695853784
uf100,0.6,10,286,13,200,0.065,19596.83343612258
uf100,0.6,11,286,17,200,0.085,14826.75535136254
uf100,0.6,12,286,35,200,0.175,6846.523445118325
uf100,0.6,13,286,32,200,0.16,7554.075632031923
uf100,0.6,14,286,12,200,0.06,21285.981085365962
uf100,0.6,15,286,30,200,0.15,8104.155480612037
uf100,0.6,16,286,2,200,0.01,131048.22489426908
uf100,0.6,17,286,46,200,0.23,5039.235788169528
uf100,0.6,18,286,52,200,0.26,4374.149440699607
uf100,0.6,19,286,124,200,0.62,1361.2034070892769
uf100,0.6,20,286,43,200,0.215,5440.864951938314
uf100,0.7,1,229,12,200,0.06,17043.67016975107
uf100,0.7,2,229,2,200,0.01,104930.22203072596
uf100,0.7,3,229,29,200,0.145,6731.939505881144
uf100,0.7,4,229,34,200,0.17,5659.777598527392
uf100,0.7,5,229,5,200,0.025,41653.84196158131
uf100,0.7,6,229,186,200,0.93,396.5704586782879
uf100,0.7,7,229,74,200,0.37,2282.474106018004
uf100,0.7,8,229,0,200,0.0,inf
uf100,0.7,9,229,2,200,0.01,104930.22203072596
uf100,0.7,10,229,12,200,0.06,17043.67016975107
uf100,0.7,11,229,17,200,0.085,11871.772641475603
uf100,0.7,12,229,31,200,0.155,6261.681603648232
uf100,0.7,13,229,26,200,0.13,7572.657743660616
uf100,0.7,14,229,12,200,0.06,17043.67016975107
uf100,0.7,15,229,21,200,0.105,9506.618007241728
uf100,0.7,16,229,3,200,0.015,69776.97797482886
uf100,0.7,17,229,28,200,0.14,6992.201080665655
uf100,0.7,18,229,49,200,0.245,3752.4667029088955
uf100,0.7,19,229,97,200,0.485,1589.2140475149577
uf100,0.7,20,229,33,200,0.165,5848.287416870124
uf100,0.8,1,225,26,200,0.13,7440.384245954752
uf100,0.8,2,225,0,200,0.0,inf
uf100,0.8,3,225,20,200,0.1,9834.455397052274
uf100,0.8,4,225,22,200,0.11,8891.524581770507
uf100,0.8,5,225,9,200,0.045,22503.793671248626
uf100,0.8,6,225,178,200,0.89,469.43101000045635
uf100,0.8,7,225,62,200,0.31,2792.4136578485445
uf100,0.8,8,225,6,200,0.03,34018.06473026276
uf100,0.8,9,225,6,200,0.03,34018.06473026276
uf100,0.8,10,225,6,200,0.03,34018.06473026276
uf100,0.8,11,225,15,200,0.075,13290.697853246931
uf100,0.8,12,225,31,200,0.155,6152.307252492804
uf100,0.8,13,225,25,200,0.125,7759.698086583366
uf100,0.8,14,225,12,200,0.06,16745.96414058511
uf100,0.8,15,225,25,200,0.125,7759.698086583366
uf100,0.8,16,225,2,200,0.01,103097.37972451239
uf100,0.8,17,225,32,200,0.16,5942.891668556583
uf100,0.8,18,225,45,200,0.225,4065.103169501337
uf100,0.8,19,225,99,200,0.495,1516.6394462914072
uf100,0.8,20,225,39,200,0.195,4776.861158060354
uf100,0.08,1,976,54,200,0.27,14281.832365824532
uf100,0.08,2,976,7,200,0.035,126157.79297882192
uf100,0.08,3,976,61,200,0.305,12353.24232543951
uf100,0.08,4,976,118,200,0.59,5041.112138207407
uf100,0.08,5,976,10,200,0.05,87626.38772165265
uf100,0.08,6,976,198,198,1.0,976.0
uf100,0.08,7,976,131,200,0.655,4223.454450826933
uf100,0.08,8,976,1,200,0.005,896680.0197881014
uf100,0.08,9,976,27,200,0.135,30992.050847119684
uf100,0.08,10,976,37,200,0.185,21971.49325131172
uf100,0.08,11,976,53,200,0.265,14598.467988226756
uf100,0.08,12,976,65,200,0.325,11435.519298664301
uf100,0.08,13,976,98,200,0.49,6675.105753419101
uf100,0.08,14,976,17,200,0.085,50597.598681572876
uf100,0.08,15,976,78,200,0.39,9093.019517164412
uf100,0.08,16,976,7,199,0.035175879396984924,125515.6324111374
uf100,0.08,17,976,92,200,0.46,7294.299261140844
uf100,0.08,18,976,109,200,0.545,5707.7925431417625
uf100,0.08,19,976,186,200,0.93,1690.1867583843186
uf100,0.08,20,976,120,200,0.6,4905.261992916981
uf100,0.09,1,912,45,200,0.225,16477.218180378753
uf100,0.09,2,912,6,200,0.03,137886.5557066651
uf100,0.09,3,912,62,200,0.31,11318.58335981277
uf100,0.09,4,912,119,200,0.595,4646.601301428649
uf100,0.09,5,912,11,200,0.055,74242.33894821689
uf100,0.09,6,912,200,200,1.0,912.0
uf100,0.09,7,912,129,200,0.645,4055.3912466239294
uf100,0.09,8,912,2,200,0.01,417888.04581669025
uf100,0.09,9,912,28,200,0.14,27846.669805969774
uf100,0.09,10,912,35,200,0.175,21832.270566251445
uf100,0.09,11,912,48,200,0.24,15303.758498176763
uf100,0.09,12,912,73,200,0.365,9248.260672672883
uf100,0.09,13,912,84,200,0.42,7710.126094252215
uf100,0.09,14,912,20,200,0.1,39862.325876051895
uf100,0.09,15,912,77,200,0.385,8639.4363539815
uf100,0.09,16,912,4,200,0.02,207888.7321195333
uf100,0.09,17,912,93,200,0.465,6714.615846934193
uf100,0.09,18,912,106,200,0.53,5562.635207312612
uf100,0.09,19,912,175,200,0.875,2019.7322816915164
uf100,0.09,20,912,108,200,0.54,5408.576303179764
uf175,0.1,1,1356,5,200,0.025,246648.95065460374
uf175,0.1,2,1356,27,200,0.135,43058.62802120317
uf175,0.1,3,1356,58,200,0.29,18232.956113132772
uf175,0.1,4,1356,56,200,0.28,19009.23428363955
uf175,0.1,5,1356,0,200,0.0,inf
uf175,0.1,6,1356,8,200,0.04,152971.7213866506
uf175,0.1,7,1356,34,200,0.17,33513.792242808486
uf175,0.1,8,1356,33,200,0.165,34630.03378723095
uf175,0.1,9,1356,2,200,0.01,621333.5418063947
uf175,0.1,10,1356,58,200,0.29,18232.956113132772
uf175,0.1,11,1356,156,200,0.78,4124.229837171037
uf175,0.1,12,1356,21,200,0.105,56292.46295991172
uf175,0.1,13,1356,17,200,0.085,70297.48341415248
uf175,0.1,14,1356,29,200,0.145,39862.48895185516
uf175,0.1,15,1356,45,200,0.225,24499.02176819473
uf175,0.1,16,1356,77,200,0.385,12845.477736840914
uf175,0.1,17,1356,1,200,0.005,1245797.2406072393
uf175,0.1,18,1356,38,200,0.19,29634.49226311753
uf175,0.1,19,1356,26,200,0.13,44840.715722287314
uf175,0.1,20,1356,0,200,0.0,inf
uf175,0.2,1,667,3,200,0.015,203236.87471271114
uf175,0.2,2,667,9,200,0.045,66711.24612765705
uf175,0.2,3,667,19,200,0.095,30771.771156347324
uf175,0.2,4,667,21,200,0.105,27689.581706682242
uf175,0.2,5,667,2,200,0.01,305626.4545611101
uf175,0.2,6,667,4,200,0.02,152041.4301795271
uf175,0.2,7,667,19,200,0.095,30771.771156347324
uf175,0.2,8,667,27,200,0.135,21180.018355562326
uf175,0.2,9,667,1,200,0.005,612792.5954904341
uf175,0.2,10,667,37,200,0.185,15015.354506787826
uf175,0.2,11,667,85,200,0.425,5550.651340338735
uf175,0.2,12,667,14,200,0.07,42326.29445945704
uf175,0.2,13,667,8,200,0.04,75244.93964962829
uf175,0.2,14,667,10,200,0.05,59884.01701879336
uf175,0.2,15,667,22,200,0.11,26358.430649070797
uf175,0.2,16,667,40,200,0.2,13765.347445460571
uf175,0.2,17,667,0,200,0.0,inf
uf175,0.2,18,667,21,200,0.105,27689.581706682242
uf175,0.2,19,667,19,200,0.095,30771.771156347324
uf175,0.2,20,667,3,200,0.015,203236.87471271114
uf175,0.3,1,543,3,200,0.015,165453.70759970337
uf175,0.3,2,543,7,200,0.035,70188.19834784868
uf175,0.3,3,543,18,200,0.09,26514.573164050402
uf175,0.3,4,543,10,200,0.05,48751.15628366536
uf175,0.3,5,543,2,200,0.01,248808.34306848992
uf175,0.3,6,543,6,200,0.03,82096.92954903415
uf175,0.3,7,543,17,200,0.085,28150.098446817694
uf175,0.3,8,543,31,200,0.155,14847.568169349302
uf175,0.3,9,543,0,200,0.0,inf
uf175,0.3,10,543,27,200,0.135,17242.503698756136
uf175,0.3,11,543,84,200,0.42,4590.568496906746
uf175,0.3,12,543,14,200,0.07,34457.538068193666
uf175,0.3,13,543,4,200,0.02,123775.85695274844
uf175,0.3,14,543,12,200,0.06,40413.59345927874
uf175,0.3,15,543,22,200,0.11,21458.212657339493
uf175,0.3,16,543,40,200,0.2,11206.272358148562
uf175,0.3,17,543,0,200,0.0,inf
uf175,0.3,18,543,12,200,0.06,40413.59345927874
uf175,0.3,19,543,12,200,0.06,40413.59345927874
uf175,0.3,20,543,1,200,0.005,498870.1339599786
uf175,0.03,1,4099,7,200,0.035,529836.8785042941
uf175,0.03,2,4099,34,199,0.1708542713567839,100750.73653572917
uf175,0.03,3,4099,123,200,0.615,19776.172207472704
uf175,0.03,4,4099,104,198,0.5252525252525253,25338.65205353009
uf175,0.03,5,4099,6,197,0.030456852791878174,610294.5063718368
uf175,0.03,6,4099,13,200,0.065,280865.10578554706
uf175,0.03,7,4099,73,200,0.365,41566.469843515515
uf175,0.03,8,4099,68,200,0.34,45429.340513530165
uf175,0.03,9,4099,0,199,0.0,inf
uf175,0.03,10,4099,110,199,0.5527638190954773,23458.84503766783
uf175,0.03,11,4099,186,200,0.93,7098.438035468567
uf175,0.03,12,4099,32,200,0.16,108266.27977517083
uf175,0.03,13,4099,55,192,0.2864583333333333,55928.25079018616
uf175,0.03,14,4099,63,200,0.315,49893.66754216472
uf175,0.03,15,4099,79,200,0.395,37563.353447745
uf175,0.03,16,4099,131,200,0.655,17737.643231495487
uf175,0.03,17,4099,7,200,0.035,529836.8785042941
uf175,0.03,18,4099,86,200,0.43,33581.1373407808
uf175,0.03,19,4099,68,200,0.34,45429.340513530165
uf175,0.03,20,4099,4,200,0.02,934359.5536819813
uf175,0.4,1,465,4,200,0.02,105995.89960041993
uf175,0.4,2,465,10,200,0.05,41748.227756730004
uf175,0.4,3,465,20,200,0.1,20324.541153908038
uf175,0.4,4,465,7,200,0.035,60105.915712246104
uf175,0.4,5,465,1,200,0.005,427209.23073920823
uf175,0.4,6,465,5,200,0.025,84580.94546783979
uf175,0.4,7,465,11,200,0.055,37853.82413478164
uf175,0.4,8,465,17,200,0.085,24106.437896446096
uf175,0.4,9,465,0,200,0.0,inf
uf175,0.4,10,465,22,200,0.11,18375.817468992384
uf175,0.4,11,465,58,200,0.29,6252.451764459248
uf175,0.4,12,465,8,200,0.04,52457.11684719214
uf175,0.4,13,465,2,200,0.01,213067.91809732563
uf175,0.4,14,465,6,200,0.03,70304.00044254307
uf175,0.4,15,465,18,200,0.09,22705.849947114984
uf175,0.4,16,465,29,200,0.145,13669.658821985731
uf175,0.4,17,465,2,200,0.01,213067.91809732563
uf175,0.4,18,465,24,200,0.12,16751.526703798747
uf175,0.4,19,465,14,200,0.07,29507.83646723767
uf175,0.4,20,465,0,200,0.0,inf
uf175,0.04,1,3494,6,200,0.03,528262.7474112805
uf175,0.04,2,3494,40,200,0.2,72108.131895711
uf175,0.04,3,3494,130,200,0.65,15326.848476856096
uf175,0.04,4,3494,96,200,0.48,24605.923497260814
uf175,0.04,5,3494,4,200,0.02,796450.9101158435
uf175,0.04,6,3494,14,200,0.07,221721.24863769553
uf175,0.04,7,3494,64,200,0.32,41721.62300041494
uf175,0.04,8,3494,66,200,0.33,40178.19216832478
uf175,0.04,9,3494,0,200,0.0,inf
uf175,0.04,10,3494,115,200,0.575,18804.606657562945
uf175,0.04,11,3494,176,200,0.88,7588.898434144424
uf175,0.04,12,3494,31,200,0.155,95538.49573426605
uf175,0.04,13,3494,50,200,0.25,55931.412384201845
uf175,0.04,14,3494,56,200,0.28,48981.02108188539
uf175,0.04,15,3494,62,200,0.31,43363.08142454585
uf175,0.04,16,3494,123,200,0.615,16857.269015103593
uf175,0.04,17,3494,8,200,0.04,394161.647879762
uf175,0.04,18,3494,72,200,0.36,36054.065947855495
uf175,0.04,19,3494,62,200,0.31,43363.08142454585
uf175,0.04,20,3494,2,200,0.01,1600987.7544775393
uf175,0.05,1,2656,4,200,0.02,605430.342663904
uf175,0.05,2,2656,27,200,0.135,84339.02361675193
uf175,0.05,3,2656,100,200,0.5,17646.082040041667
uf175,0.05,4,2656,78,200,0.39,24744.93835818512
uf175,0.05,5,2656,3,200,0.015,809291.0633237793
uf175,0.05,6,2656,12,200,0.06,197676.8033661958
uf175,0.05,7,2656,54,200,0.27,38865.314306997905
uf175,0.05,8,2656,66,200,0.33,30541.86559790229
uf175,0.05,9,2656,1,200,0.005,2440145.627620079
uf175,0.05,10,2656,94,200,0.47,19265.633342678233
uf175,0.05,11,2656,174,200,0.87,5995.102021783507
uf175,0.05,12,2656,23,200,0.115,100119.25103310662
uf175,0.05,13,2656,38,200,0.19,58045.141187935216
uf175,0.05,14,2656,46,200,0.23,46797.937948875064
uf175,0.05,15,2656,60,200,0.3,34292.65840463802
uf175,0.05,16,2656,122,200,0.61,12989.826978229345
uf175,0.05,17,2656,2,200,0.01,1217007.2913257997
uf175,0.05,18,2656,62,200,0.31,32962.891889981045
uf175,0.05,19,2656,54,200,0.27,38865.314306997905
uf175,0.05,20,2656,0,200,0.0,inf
uf175,0.06,1,2502,9,200,0.045,250242.18562428473
uf175,0.06,2,2502,32,200,0.16,66084.95535434921
uf175,0.06,3,2502,103,200,0.515,15923.209075693192
uf175,0.06,4,2502,77,200,0.385,23701.611576383453
uf175,0.06,5,2502,1,200,0.005,2298661.2802354814
uf175,0.06,6,2502,12,200,0.06,186215.12124330644
uf175,0.06,7,2502,56,200,0.28,35074.56060299864
uf175,0.06,8,2502,54,200,0.27,36611.828462390346
uf175,0.06,9,2502,0,200,0.0,inf
uf175,0.06,10,2502,79,200,0.395,22928.399689255424
uf175,0.06,11,2502,164,200,0.82,6719.23627674595
uf175,0.06,12,2502,24,200,0.12,90134.02110302034
uf175,0.06,13,2502,51,200,0.255,39141.53715299456
uf175,0.06,14,2502,37,200,0.185,56324.463232358525
uf175,0.06,15,2502,53,200,0.265,37423.53166654031
uf175,0.06,16,2502,94,200,0.47,18148.57478289945
uf175,0.06,17,2502,4,200,0.02,570326.3243016143
uf175,0.06,18,2502,58,200,0.29,33642.22433263878
uf175,0.06,19,2502,51,200,0.255,39141.53715299456
uf175,0.06,20,2502,0,200,0.0,inf
uf175,0.07,1,2343,7,200,0.035,302856.2591694465
uf175,0.07,2,2343,26,200,0.13,77479.20128120882
uf175,0.07,3,2343,80,200,0.4,21122.499036408866
uf175,0.07,4,2343,63,200,0.315,28519.36156411123
uf175,0.07,5,2343,5,200,0.025,426178.82845408295
uf175,0.07,6,2343,9,200,0.045,234339.50476326904
uf175,0.07,7,2343,60,200,0.3,30251.392561019158
uf175,0.07,8,2343,58,200,0.29,31504.289213178527
uf175,0.07,9,2343,0,200,0.0,inf
uf175,0.07,10,2343,93,200,0.465,17250.378212025014
uf175,0.07,11,2343,167,200,0.835,5988.375529614629
uf175,0.07,12,2343,27,200,0.135,74399.9745233621
uf175,0.07,13,2343,34,200,0.17,57907.68084432174
uf175,0.07,14,2343,41,200,0.205,47032.67041098194
uf175,0.07,15,2343,56,200,0.28,32845.601715757715
uf175,0.07,16,2343,107,200,0.535,14091.239241854742
uf175,0.07,17,2343,8,200,0.04,264316.1823074649
uf175,0.07,18,2343,63,200,0.315,28519.36156411123
uf175,0.07,19,2343,65,200,0.325,27452.276349150055
uf175,0.07,20,2343,1,200,0.005,2152583.285208526
uf175,0.08,1,1469,3,200,0.015,447608.6491049065
uf175,0.08,2,1469,16,200,0.08,81132.939137232
uf175,0.08,3,1469,62,200,0.31,18231.358503908945
uf175,0.08,4,1469,49,200,0.245,24071.500378048764
uf175,0.08,5,1469,2,200,0.01,673111.3369569276
uf175,0.08,6,1469,5,200,0.025,267203.0298758207
uf175,0.08,7,1469,37,200,0.185,33069.798756328804
uf175,0.08,8,1469,38,200,0.19,32104.033285043988
uf175,0.08,9,1469,0,200,0.0,inf
uf175,0.08,10,1469,59,200,0.295,19353.026224302637
uf175,0.08,11,1469,134,200,0.67,6101.941973678066
uf175,0.08,12,1469,29,200,0.145,43184.36303117642
uf175,0.08,13,1469,21,199,0.10552763819095477,60661.026675378875
uf175,0.08,14,1469,17,200,0.085,76155.60703199852
uf175,0.08,15,1469,46,200,0.23,25883.347457416214
uf175,0.08,16,1469,90,196,0.45918367346938777,11005.797834037648
uf175,0.08,17,1469,1,200,0.005,1349613.6773245092
uf175,0.08,18,1469,38,200,0.19,32104.033285043988
uf175,0.08,19,1469,27,200,0.135,46646.8470229701
uf175,0.08,20,1469,1,200,0.005,1349613.6773245092
uf175,0.09,1,1316,4,200,0.02,299979.7932777476
uf175,0.09,2,1316,15,200,0.075,77735.8149994354
uf175,0.09,3,1316,54,200,0.27,19257.060853919145
uf175,0.09,4,1316,50,200,0.25,21066.32475604168
uf175,0.09,5,1316,3,200,0.015,400989.0961348244
uf175,0.09,6,1316,9,200,0.045,131622.1887616142
uf175,0.09,7,1316,29,200,0.145,38686.604322006926
uf175,0.09,8,1316,40,200,0.2,27159.21624921456
uf175,0.09,9,1316,1,200,0.005,1209048.0594683827
uf175,0.09,10,1316,48,200,0.24,22083.05502587787
uf175,0.09,11,1316,135,200,0.675,5392.153820607797
uf175,0.09,12,1316,21,200,0.105,54631.91832982583
uf175,0.09,13,1316,16,200,0.08,72682.7419364175
uf175,0.09,14,1316,19,200,0.095,60713.11970277823
uf175,0.09,15,1316,38,200,0.19,28760.318450046216
uf175,0.09,16,1316,84,200,0.42,11125.57668863587
uf175,0.09,17,1316,3,200,0.015,400989.0961348244
uf175,0.09,18,1316,39,200,0.195,27939.330151144117
uf175,0.09,19,1316,26,200,0.13,43517.98074522869
uf175,0.09,20,1316,0,200,0.0,inf
uf20,1.0,1,93,148,200,0.74,317.9342331752811
uf20,1.0,2,93,200,200,1.0,93.0
uf20,1.0,3,93,62,200,0.31,1154.1976452440654
uf20,1.0,4,93,58,200,0.29,1250.4903528918494
uf20,1.0,5,93,146,200,0.73,327.0983948550273
uf20,1.0,6,93,75,200,0.375,911.2287664335697
uf20,1.0,7,93,181,200,0.905,181.94687949588715
uf20,1.0,8,93,90,200,0.45,716.383942037007
uf20,1.0,9,93,47,200,0.235,1598.7819709277062
uf20,1.0,10,93,151,200,0.755,304.50175610582954
uf20,1.0,11,93,193,200,0.965,127.75322313534609
uf20,1.0,12,93,197,200,0.985,101.97878645161794
uf20,1.0,13,93,87,200,0.435,750.1465442109933
uf20,1.0,14,93,127,200,0.635,424.94166737545515
uf20,1.0,15,93,146,200,0.73,327.0983948550273
uf20,1.0,16,93,145,200,0.725,331.74754074868434
uf20,1.0,17,93,158,200,0.79,274.42504419918646
uf20,1.0,18,93,79,200,0.395,852.2546647085351
uf20,1.0,19,93,126,200,0.63,430.7566990583782
uf20,1.0,20,93,157,200,0.785,278.6259975020212
uf20,10.0,1,18,16,200,0.08,994.1408471546467
uf20,10.0,2,18,60,200,0.3,232.40506448926374
uf20,10.0,3,18,16,200,0.08,994.1408471546467
uf20,10.0,4,18,8,200,0.04,2030.5980715042117
uf20,10.0,5,18,27,200,0.135,571.5747082460598
uf20,10.0,6,18,17,200,0.085,933.1524347011391
uf20,10.0,7,18,58,200,0.29,242.03039088229343
uf20,10.0,8,18,14,200,0.07,1142.2388309898454
uf20,10.0,9,18,2,200,0.01,8247.790377960991
uf20,10.0,10,18,25,200,0.125,620.7758469266694
uf20,10.0,11,18,65,200,0.325,210.90097067208754
uf20,10.0,12,18,94,200,0.47,130.56528620790974
uf20,10.0,13,18,21,200,0.105,747.2450835386512
uf20,10.0,14,18,30,200,0.15,510.0517435350233
uf20,10.0,15,18,24,200,0.12,648.4461949857579
uf20,10.0,16,18,29,200,0.145,529.1480834317057
uf20,10.0,17,18,27,200,0.135,571.5747082460598
uf20,10.0,18,18,11,200,0.055,1465.309321346386
uf20,10.0,19,18,18,200,0.09,878.9361269850962
uf20,10.0,20,18,22,200,0.11,711.3219665416407
uf20,2.0,1,80,141,200,0.705,301.7854471931636
uf20,2.0,2,80,195,200,0.975,99.87141609308559
uf20,2.0,3,80,53,200,0.265,1196.595736739898
uf20,2.0,4,80,54,200,0.27,1170.641997198732
uf20,2.0,5,80,141,200,0.705,301.7854471931636
uf20,2.0,6,80,72,200,0.36,825.5080926812935
uf20,2.0,7,80,177,200,0.885,170.33922296126084
uf20,2.0,8,80,94,200,0.47,580.2901609240431
uf20,2.0,9,80,45,200,0.225,1445.3700158226977
uf20,2.0,10,80,137,200,0.685,318.92239553490396
uf20,2.0,11,80,173,200,0.865,183.97862789626
uf20,2.0,12,80,197,200,0.985,87.72368727020897
uf20,2.0,13,80,82,200,0.41,698.238728372039
uf20,2.0,14,80,127,200,0.635,365.54121924770334
uf20,2.0,15,80,155,200,0.775,246.98314644664782
uf20,2.0,16,80,141,200,0.705,301.7854471931636
uf20,2.0,17,80,144,200,0.72,289.4136282533986
uf20,2.0,18,80,65,200,0.325,937.3376474315
uf20,2.0,19,80,123,200,0.615,385.970670065337
uf20,2.0,20,80,149,200,0.745,269.60544711686913
uf20,3.0,1,56,119,200,0.595,285.31762377193456
uf20,3.0,2,56,193,200,0.965,76.92667199547721
uf20,3.0,3,56,50,200,0.25,896.4393513209224
uf20,3.0,4,56,44,200,0.22,1037.9462269040657
uf20,3.0,5,56,129,200,0.645,249.01525198567984
uf20,3.0,6,56,83,200,0.415,481.0084674047638
uf20,3.0,7,56,158,200,0.79,165.24518790488645
uf20,3.0,8,56,65,200,0.325,656.13635320205
uf20,3.0,9,56,32,200,0.16,1479.1197041740827
uf20,3.0,10,56,138,200,0.69,220.1957631628074
uf20,3.0,11,56,164,200,0.82,150.39058013500127
uf20,3.0,12,56,190,200,0.95,86.08564012610698
uf20,3.0,13,56,70,200,0.35,598.6531052684203
uf20,3.0,14,56,105,200,0.525,346.4206193698987
uf20,3.0,15,56,126,200,0.63,259.38037792762555
uf20,3.0,16,56,104,200,0.52,351.3628898477291
uf20,3.0,17,56,110,200,0.55,322.9643641969364
uf20,3.0,18,56,49,200,0.245,917.6337788772844
uf20,3.0,19,56,90,200,0.45,431.3709758502407
uf20,3.0,20,56,121,200,0.605,277.63806057353304
uf20,4.0,1,41,62,200,0.31,508.839822096846
uf20,4.0,2,41,156,200,0.78,124.70016469322456
uf20,4.0,3,41,39,200,0.195,870.4502554687757
uf20,4.0,4,41,40,200,0.2,846.145794998326
uf20,4.0,5,41,77,200,0.385,388.395713282063
uf20,4.0,6,41,62,200,0.31,508.839822096846
uf20,4.0,7,41,151,200,0.755,134.24270968106464
uf20,4.0,8,41,34,200,0.17,1013.322626810581
uf20,4.0,9,41,22,200,0.11,1620.233368233737
uf20,4.0,10,41,110,200,0.55,236.4560523584713
uf20,4.0,11,41,153,200,0.765,130.37972633452688
uf20,4.0,12,41,176,200,0.88,89.05118368629691
uf20,4.0,13,41,57,200,0.285,562.8236133721035
uf20,4.0,14,41,72,200,0.36,423.07289749916293
uf20,4.0,15,41,109,200,0.545,239.77407199673385
uf20,4.0,16,41,89,200,0.445,320.6795065750571
uf20,4.0,17,41,89,200,0.445,320.6795065750571
uf20,4.0,18,41,50,200,0.25,656.3216679313897
uf20,4.0,19,41,65,200,0.325,480.3855443086438
uf20,4.0,20,41,87,200,0.435,330.709766802696
uf20,5.0,1,36,51,200,0.255,563.1875849351736
uf20,5.0,2,36,152,200,0.76,116.1686123492057
uf20,5.0,3,36,42,200,0.21,703.3110703562276
uf20,5.0,4,36,32,200,0.16,950.8626669690534
uf20,5.0,5,36,72,200,0.36,371.47864170658215
uf20,5.0,6,36,67,200,0.335,406.3701806192561
uf20,5.0,7,36,143,200,0.715,132.07249591579375
uf20,5.0,8,36,36,200,0.18,835.4010707214501
uf20,5.0,9,36,24,200,0.12,1296.8923899715157
uf20,5.0,10,36,109,200,0.545,210.5333315093273
uf20,5.0,11,36,159,200,0.795,104.61373617067638
uf20,5.0,12,36,175,200,0.875,79.7262742772967
uf20,5.0,13,36,54,200,0.27,526.7888987394294
uf20,5.0,14,36,83,200,0.415,309.2197290459196
uf20,5.0,15,36,90,200,0.45,277.30991304658335
uf20,5.0,16,36,79,200,0.395,329.90503150007805
uf20,5.0,17,36,79,200,0.395,329.90503150007805
uf20,5.0,18,36,29,200,0.145,1058.2961668634114
uf20,5.0,19,36,49,200,0.245,589.9074292782543
uf20,5.0,20,36,81,200,0.405,319.3144895918064
uf20,6.0,1,29,41,200,0.205,582.1371924534684
uf20,6.0,2,29,125,200,0.625,136.16022868769187
uf20,6.0,3,29,19,200,0.095,1337.9030937542316
uf20,6.0,4,29,23,200,0.115,1093.1695331175047
uf20,6.0,5,29,58,200,0.29,389.9378519770283
uf20,6.0,6,29,54,200,0.27,424.35772398454037
uf20,6.0,7,29,128,200,0.64,130.71969100637156
uf20,6.0,8,29,23,200,0.115,1093.1695331175047
uf20,6.0,9,29,21,200,0.105,1203.8948568122712
uf20,6.0,10,29,81,200,0.405,257.22556106006624
uf20,6.0,11,29,130,200,0.65,127.2119650340088
uf20,6.0,12,29,153,200,0.765,92.21980643173852
uf20,6.0,13,29,42,200,0.21,566.5561400091833
uf20,6.0,14,29,65,200,0.325,339.78489719391877
uf20,6.0,15,29,65,200,0.325,339.78489719391877
uf20,6.0,16,29,62,199,0.31155778894472363,357.7320814136448
uf20,6.0,17,29,56,199,0.2814070351758794,404.13319858397335
uf20,6.0,18,29,27,200,0.135,920.8703632853185
uf20,6.0,19,29,30,200,0.15,821.7500312508708
uf20,6.0,20,29,58,200,0.29,389.9378519770283
uf20,7.0,1,25,24,200,0.12,900.6197152579971
uf20,7.0,2,25,97,200,0.485,173.4949833531613
uf20,7.0,3,25,16,200,0.08,1380.751176603676
uf20,7.0,4,25,14,200,0.07,1586.4428208192296
uf20,7.0,5,25,44,200,0.22,463.36885129645793
uf20,7.0,6,25,43,200,0.215,475.6000832113911
uf20,7.0,7,25,128,200,0.64,112.68938879859617
uf20,7.0,8,25,23,200,0.115,942.387528549573
uf20,7.0,9,25,15,200,0.075,1476.7442059163259
uf20,7.0,10,25,55,200,0.275,358.00720562832464
uf20,7.0,11,25,99,200,0.495,168.5154940323786
uf20,7.0,12,25,131,200,0.655,108.18274720355873
uf20,7.0,13,25,44,200,0.22,463.36885129645793
uf20,7.0,14,25,55,200,0.275,358.00720562832464
uf20,7.0,15,25,68,200,0.34,277.07575331501687
uf20,7.0,16,25,40,200,0.2,515.9425579258085
uf20,7.0,17,25,36,200,0.18,580.1396324454514
uf20,7.0,18,25,16,200,0.08,1380.751176603676
uf20,7.0,19,25,32,200,0.16,660.321296506287
uf20,7.0,20,25,52,200,0.26,382.35572034087477
uf20,0.7,1,99,144,200,0.72,358.14936496358075
uf20,0.7,2,99,199,200,0.995,86.04842195586654
uf20,0.7,3,99,52,200,0.26,1514.1286525498638
uf20,0.7,4,99,53,200,0.265,1480.7872242156238
uf20,0.7,5,99,154,200,0.77,310.21249425105356
uf20,0.7,6,99,78,200,0.39,922.3452174172918
uf20,0.7,7,99,179,200,0.895,202.28630501470934
uf20,0.7,8,99,95,200,0.475,707.5454085480387
uf20,0.7,9,99,38,200,0.19,2163.5801873515006
uf20,0.7,10,99,144,200,0.72,358.14936496358075
uf20,0.7,11,99,190,200,0.95,152.18711379436772
uf20,0.7,12,99,198,200,0.99,99.0
uf20,0.7,13,99,92,200,0.46,739.893060300147
uf20,0.7,14,99,140,200,0.7,378.67287929985326
uf20,0.7,15,99,156,200,0.78,301.1052757226642
uf20,0.7,16,99,144,200,0.72,358.14936496358075
uf20,0.7,17,99,162,200,0.81,274.524767488025
uf20,0.7,18,99,70,200,0.35,1058.333168242386
uf20,0.7,19,99,114,200,0.57,540.1990715781151
uf20,0.7,20,99,148,200,0.74,338.44611918658956
uf20,8.0,1,23,20,200,0.1,1005.2998850320104
uf20,8.0,2,23,96,200,0.48,161.97373796136196
uf20,8.0,3,23,19,200,0.095,1061.095557115425
uf20,8.0,4,23,23,200,0.115,866.996526265607
uf20,8.0,5,23,30,200,0.15,651.7327834058631
uf20,8.0,6,23,40,200,0.2,474.66715329174383
uf20,8.0,7,23,106,200,0.53,140.2857563247698
uf20,8.0,8,23,13,200,0.065,1575.9691224853823
uf20,8.0,9,23,16,200,0.08,1270.291082475382
uf20,8.0,10,23,51,200,0.255,359.81429037524975
uf20,8.0,11,23,98,200,0.49,157.3026970580321
uf20,8.0,12,23,125,200,0.625,107.98914689023839
uf20,8.0,13,23,31,200,0.155,628.9025191437089
uf20,8.0,14,23,49,200,0.245,376.8853020388847
uf20,8.0,15,23,39,200,0.195,488.30136282394733
uf20,8.0,16,23,43,200,0.215,437.5520765544798
uf20,8.0,17,23,29,200,0.145,676.1336621627349
uf20,8.0,18,23,17,200,0.085,1192.3614443403444
uf20,8.0,19,23,20,200,0.1,1005.2998850320104
uf20,8.0,20,23,30,200,0.15,651.7327834058631
uf20,0.8,1,116,163,200,0.815,316.58167266721773
uf20,0.8,2,116,199,200,0.995,100.82441360485373
uf20,0.8,3,116,54,200,0.27,1697.4308959381615
uf20,0.8,4,116,64,200,0.32,1385.1483308666666
uf20,0.8,5,116,174,200,0.87,261.83427504777364
uf20,0.8,6,116,83,200,0.415,996.3746824812964
uf20,0.8,7,116,189,200,0.945,184.18000011991538
uf20,0.8,8,116,107,200,0.535,697.6456474840589
uf20,0.8,9,116,49,200,0.245,1900.812827674375
uf20,0.8,10,116,150,200,0.75,385.343659006934
uf20,0.8,11,116,191,200,0.955,172.26177282827854
uf20,0.8,12,116,200,200,1.0,116.0
uf20,0.8,13,116,103,200,0.515,738.246304068909
uf20,0.8,14,116,158,200,0.79,342.2936035172648
uf20,0.8,15,116,168,200,0.84,291.501224988919
uf20,0.8,16,116,160,200,0.8,331.91696147302713
uf20,0.8,17,116,168,200,0.84,291.501224988919
uf20,0.8,18,116,105,200,0.525,717.5855686947901
uf20,0.8,19,116,138,200,0.69,456.1197951229582
uf20,0.8,20,116,169,200,0.845,286.53709114673336
uf20,9.0,1,21,21,200,0.105,871.785930795093
uf20,9.0,2,21,95,200,0.475,150.08538969200822
uf20,9.0,3,21,16,200,0.08,1159.830988347088
uf20,9.0,4,21,10,200,0.05,1885.4038341749035
uf20,9.0,5,21,25,200,0.125,724.2384880811143
uf20,9.0,6,21,32,200,0.16,554.6698890652812
uf20,9.0,7,21,90,200,0.45,161.7641159438403
uf20,9.0,8,21,17,200,0.085,1088.6778404846623
uf20,9.0,9,21,8,200,0.04,2369.0310834215807
uf20,9.0,10,21,40,200,0.2,433.3917486576792
uf20,9.0,11,21,85,200,0.425,174.75813815159438
uf20,9.0,12,21,115,200,0.575,113.0213909012083
uf20,9.0,13,21,25,200,0.125,724.2384880811143
uf20,9.0,14,21,45,200,0.225,379.4096291534582
uf20,9.0,15,21,42,200,0.21,410.26479104113275
uf20,9.0,16,21,37,200,0.185,472.747293317158
uf20,9.0,17,21,31,200,0.155,574.2153435659951
uf20,9.0,18,21,8,200,0.04,2369.0310834215807
uf20,9.0,19,21,20,200,0.1,917.8825037248791
uf20,9.0,20,21,36,200,0.18,487.31729125417917
uf20,0.9,1,107,158,200,0.79,315.73634117540803
uf20,0.9,2,107,199,200,0.995,93.00182979068404
uf20,0.9,3,107,66,200,0.33,1230.4140131685035
uf20,0.9,4,107,65,200,0.325,1253.6891034396313
uf20,0.9,5,107,156,200,0.78,325.4370151750007
uf20,0.9,6,107,76,200,0.38,1030.7872526047076
uf20,0.9,7,107,181,200,0.905,209.33673232322496
uf20,0.9,8,107,92,200,0.46,799.6823985062196
uf20,0.9,9,107,39,200,0.195,2271.6628618331465
uf20,0.9,10,107,151,200,0.755,350.3407301432662
uf20,0.9,11,107,187,200,0.935,180.27327760574954
uf20,0.9,12,107,200,200,1.0,107.0
uf20,0.9,13,107,112,200,0.56,600.2008313819515
uf20,0.9,14,107,160,200,0.8,306.164783427706
uf20,0.9,15,107,159,200,0.795,310.935271396177
uf20,0.9,16,107,145,200,0.725,381.6880307538626
uf20,0.9,17,107,160,200,0.8,306.164783427706
uf20,0.9,18,107,72,200,0.36,1104.11707396123
uf20,0.9,19,107,134,200,0.67,444.45731190166987
uf20,0.9,20,107,157,200,0.785,320.56969605071254
uf250,0.1,1,1446,48,200,0.24,24264.51182934605
uf250,0.1,2,1446,4,200,0.02,329613.05553162843
uf250,0.1,3,1446,7,200,0.035,186910.0088600169
uf250,0.1,4,1446,81,200,0.405,12825.79866527089
uf250,0.1,5,1446,5,200,0.025,263019.45622902433
uf250,0.1,6,1446,48,200,0.24,24264.51182934605
uf250,0.1,7,1446,2,200,0.01,662572.4936961996
uf250,0.1,8,1446,36,200,0.18,33555.27634064491
uf250,0.1,9,1446,15,200,0.075,85414.88487020029
uf250,0.1,10,1446,10,200,0.05,129823.5211531862
uf250,0.1,11,1446,0,200,0.0,inf
uf250,0.1,12,1446,95,200,0.475,10334.451118792565
uf250,0.1,13,1446,13,200,0.065,99080.4935266897
uf250,0.1,14,1446,42,200,0.21,28249.66132597514
uf250,0.1,15,1446,19,200,0.095,66710.61632995238
uf250,0.1,16,1446,90,200,0.45,11138.614840704431
uf250,0.1,17,1446,46,200,0.23,25478.09422969629
uf250,0.1,18,1446,6,200,0.03,218622.7626664887
uf250,0.1,19,1446,108,200,0.54,8575.440059646862
uf250,0.1,20,1446,72,200,0.36,14921.05877521438
uf250,0.2,1,891,43,200,0.215,16950.38696565398
uf250,0.2,2,891,1,200,0.005,818588.0098680311
uf250,0.2,3,891,7,200,0.035,115170.69010669092
uf250,0.2,4,891,69,200,0.345,9697.500036299323
uf250,0.2,5,891,6,200,0.03,134711.53633184056
uf250,0.2,6,891,37,200,0.185,20057.992302170842
uf250,0.2,7,891,0,200,0.0,inf
uf250,0.2,8,891,20,200,0.1,38944.44337232701
uf250,0.2,9,891,6,200,0.03,134711.53633184056
uf250,0.2,10,891,5,200,0.025,162068.00518676397
uf250,0.2,11,891,0,200,0.0,inf
uf250,0.2,12,891,68,200,0.34,9874.9798481472
uf250,0.2,13,891,9,200,0.045,89115.02293814457
uf250,0.2,14,891,27,200,0.135,28292.948058179958
uf250,0.2,15,891,14,200,0.07,56540.82213399734
uf250,0.2,16,891,60,200,0.3,11504.050692218554
uf250,0.2,17,891,33,200,0.165,22754.690342494672
uf250,0.2,18,891,2,200,0.01,408265.6237090691
uf250,0.2,19,891,83,200,0.415,7653.18829388651
uf250,0.2,20,891,40,200,0.2,18388.192764475818
uf250,0.02,1,4581,59,200,0.295,60351.40444760407
uf250,0.02,2,4581,3,200,0.015,1395844.2624571659
uf250,0.02,3,4581,8,200,0.04,516787.20919782185
uf250,0.02,4,4581,130,200,0.65,20095.103855889458
uf250,0.02,5,4581,16,200,0.08,253008.84560085757
uf250,0.02,6,4581,114,199,0.5728643216080402,24800.089495661596
uf250,0.02,7,4581,3,200,0.015,1395844.2624571659
uf250,0.02,8,4581,59,200,0.295,60351.40444760407
uf250,0.02,9,4581,19,200,0.095,211342.55422372877
uf250,0.02,10,4581,24,200,0.12,165029.55662387537
uf250,0.02,11,4581,2,200,0.01,2099062.6511910725
uf250,0.02,12,4581,185,199,0.9296482412060302,7948.122645263432
uf250,0.02,13,4581,42,198,0.21212121212121213,88487.03519314571
uf250,0.02,14,4581,86,200,0.43,37529.931729230746
uf250,0.02,15,4581,34,200,0.17,113220.2671565676
uf250,0.02,16,4581,139,200,0.695,17766.137571869105
uf250,0.02,17,4581,118,200,0.59,23661.20359131981
uf250,0.02,18,4581,16,200,0.08,253008.84560085757
uf250,0.02,19,4581,161,200,0.805,12904.85444309207
uf250,0.02,20,4581,131,200,0.655,19823.406597580102
uf250,0.03,1,3465,66,200,0.33,39844.71547316696
uf250,0.03,2,3465,3,200,0.015,1055795.7584400962
uf250,0.03,3,3465,9,200,0.045,346558.42253722885
uf250,0.03,4,3465,139,200,0.695,13438.04118893832
uf250,0.03,5,3465,12,200,0.06,257887.84776501072
uf250,0.03,6,3465,103,200,0.515,22051.926237920427
uf250,0.03,7,3465,5,200,0.025,630264.4646151932
uf250,0.03,8,3465,43,200,0.215,65918.17153309881
uf250,0.03,9,3465,21,200,0.105,143844.67858119035
uf250,0.03,10,3465,29,200,0.145,101861.00606060334
uf250,0.03,11,3465,3,200,0.015,1055795.7584400962
uf250,0.03,12,3465,172,200,0.86,8115.970882712561
uf250,0.03,13,3465,29,200,0.145,101861.00606060334
uf250,0.03,14,3465,81,200,0.405,30734.019623211363
uf250,0.03,15,3465,32,200,0.16,91520.53169577138
uf250,0.03,16,3465,140,200,0.7,13253.550775494865
uf250,0.03,17,3465,93,200,0.465,25511.122707924314
uf250,0.03,18,3465,12,200,0.06,257887.84776501072
uf250,0.03,19,3465,147,200,0.735,12015.518722514891
uf250,0.03,20,3465,126,200,0.63,16049.160884271832
uf250,0.04,1,2645,45,200,0.225,47787.54614813794
uf250,0.04,2,2645,2,200,0.01,1211966.9749837124
uf250,0.04,3,2645,11,200,0.055,215319.06416451058
uf250,0.04,4,2645,111,200,0.555,15043.795259910377
uf250,0.04,5,2645,14,200,0.07,167845.65044267447
uf250,0.04,6,2645,98,200,0.49,18089.810161673693
uf250,0.04,7,2645,6,200,0.03,399901.249829089
uf250,0.04,8,2645,41,200,0.205,53094.92669101461
uf250,0.04,9,2645,16,200,0.08,146083.4744846689
uf250,0.04,10,2645,21,200,0.105,109803.51366442957
uf250,0.04,11,2645,0,200,0.0,inf
uf250,0.04,12,2645,161,200,0.805,7451.067452953182
uf250,0.04,13,2645,30,200,0.15,74949.27009167426
uf250,0.04,14,2645,65,200,0.325,30990.72596820397
uf250,0.04,15,2645,20,200,0.1,115609.4867786812
uf250,0.04,16,2645,121,200,0.605,13113.440539589194
uf250,0.04,17,2645,79,200,0.395,24238.855786602955
uf250,0.04,18,2645,11,200,0.055,215319.06416451058
uf250,0.04,19,2645,142,200,0.71,9839.993116330932
uf250,0.04,20,2645,118,200,0.59,13661.620497498556
uf250,0.05,1,2533,51,200,0.255,39626.50424002207
uf250,0.05,2,2533,2,200,0.01,1160647.390409733
uf250,0.05,3,2533,10,200,0.05,227415.61485547762
uf250,0.05,4,2533,105,200,0.525,15669.346943999168
uf250,0.05,5,2533,10,200,0.05,227415.61485547762
uf250,0.05,6,2533,86,200,0.43,20751.651838057518
uf250,0.05,7,2533,7,200,0.035,327415.665589504
uf250,0.05,8,2533,39,200,0.195,53776.84139274168
uf250,0.05,9,2533,14,200,0.07,160738.38660540432
uf250,0.05,10,2533,26,200,0.13,83762.19242223729
uf250,0.05,11,2533,2,200,0.01,1160647.390409733
uf250,0.05,12,2533,152,200,0.76,8173.752641126056
uf250,0.05,13,2533,23,200,0.115,95482.70439264273
uf250,0.05,14,2533,63,200,0.315,30832.07120866144
uf250,0.05,15,2533,31,200,0.155,69261.30786917455
uf250,0.05,16,2533,112,200,0.56,14208.492578415731
uf250,0.05,17,2533,77,200,0.385,23995.276627889405
uf250,0.05,18,2533,9,200,0.045,253342.70830787902
uf250,0.05,19,2533,140,200,0.7,9688.670740065943
uf250,0.05,20,2533,88,200,0.44,20118.18556429301
uf250,0.06,1,2116,57,200,0.285,29047.18941208222
uf250,0.06,2,2116,2,200,0.01,969573.5799869699
uf250,0.06,3,2116,10,200,0.05,189976.8815768617
uf250,0.06,4,2116,107,200,0.535,12726.018879967834
uf250,0.06,5,2116,6,200,0.03,319920.9998632712
uf250,0.06,6,2116,64,200,0.32,25267.016104429884
uf250,0.06,7,2116,5,200,0.025,384888.77550526656
uf250,0.06,8,2116,40,200,0.2,43669.378102840434
uf250,0.06,9,2116,13,200,0.065,144989.15926865517
uf250,0.06,10,2116,21,200,0.105,87842.81093154366
uf250,0.06,11,2116,1,200,0.005,1944031.682245515
uf250,0.06,12,2116,118,200,0.59,10929.296397998845
uf250,0.06,13,2116,13,200,0.065,144989.15926865517
uf250,0.06,14,2116,54,200,0.27,30963.480825906463
uf250,0.06,15,2116,13,200,0.065,144989.15926865517
uf250,0.06,16,2116,105,200,0.525,13089.750546191173
uf250,0.06,17,2116,65,200,0.325,24792.580774563176
uf250,0.06,18,2116,11,200,0.055,172255.25133160848
uf250,0.06,19,2116,127,200,0.635,9668.565249101754
uf250,0.06,20,2116,88,200,0.44,16806.190546405058
uf250,0.07,1,1781,51,200,0.255,27862.141354709554
uf250,0.07,2,1781,1,200,0.005,1636257.2902075907
uf250,0.07,3,1781,6,200,0.03,269271.88126487995
uf250,0.07,4,1781,92,200,0.46,13310.601418126886
uf250,0.07,5,1781,8,200,0.04,200916.39807494447
uf250,0.07,6,1781,59,199,0.2964824120603015,23322.9598953779
uf250,0.07,7,1781,5,200,0.025,323954.1158671454
uf250,0.07,8,1781,40,200,0.2,36755.7478266346
uf250,0.07,9,1781,6,200,0.03,269271.88126487995
uf250,0.07,10,1781,9,200,0.045,178130.029015528
uf250,0.07,11,1781,0,200,0.0,inf
uf250,0.07,12,1781,108,199,0.542713567839196,10482.276410104641
uf250,0.07,13,1781,19,200,0.095,82165.70379228573
uf250,0.07,14,1781,48,198,0.24242424242424243,29542.040840642196
uf250,0.07,15,1781,18,200,0.09,86965.84678669201
uf250,0.07,16,1781,100,200,0.5,11832.707873988782
uf250,0.07,17,1781,43,200,0.215,33881.7499279795
uf250,0.07,18,1781,6,199,0.03015075376884422,267904.8070201775
uf250,0.07,19,1781,121,200,0.605,8829.881890740398
uf250,0.07,20,1781,79,199,0.3969849246231156,16215.096829342237
uf250,0.08,1,1631,50,200,0.25,26108.796107221868
uf250,0.08,2,1631,0,200,0.0,inf
uf250,0.08,3,1631,10,200,0.05,146433.0311209175
uf250,0.08,4,1631,86,200,0.43,13361.999268800557
uf250,0.08,5,1631,13,200,0.065,111756.76690320254
uf250,0.08,6,1631,60,200,0.3,21058.48112122162
uf250,0.08,7,1631,2,200,0.01,747341.4503585765
uf250,0.08,8,1631,35,200,0.175,39044.33475170625
uf250,0.08,9,1631,17,200,0.085,84553.97894430876
uf250,0.08,10,1631,11,200,0.055,132773.30572866419
uf250,0.08,11,1631,0,200,0.0,inf
uf250,0.08,12,1631,106,200,0.53,9948.089937639112
uf250,0.08,13,1631,19,200,0.095,75245.51537631557
uf250,0.08,14,1631,42,200,0.21,31863.898770861306
uf250,0.08,15,1631,25,200,0.125,56249.18924096653
uf250,0.08,16,1631,85,200,0.425,13572.882063107163
uf250,0.08,17,1631,55,200,0.275,23356.3900951919
uf250,0.08,18,1631,5,200,0.025,296669.9399097778
uf250,0.08,19,1631,119,200,0.595,8309.875792357594
uf250,0.08,20,1631,71,200,0.355,17128.728796812084
uf250,0.09,1,1383,49,200,0.245,22662.277074772937
uf250,0.09,2,1383,1,200,0.005,1270602.9378759675
uf250,0.09,3,1383,5,200,0.025,251560.10232692992
uf250,0.09,4,1383,85,200,0.425,11509.071669697858
uf250,0.09,5,1383,4,200,0.02,315252.3207470554
uf250,0.09,6,1383,52,200,0.26,21151.91844925719
uf250,0.09,7,1383,5,200,0.025,251560.10232692992
uf250,0.09,8,1383,23,200,0.115,52132.878079362374
uf250,0.09,9,1383,10,200,0.05,124167.30965066148
uf250,0.09,10,1383,8,200,0.04,156017.61849390692
uf250,0.09,11,1383,0,200,0.0,inf
uf250,0.09,12,1383,98,200,0.49,9458.679566576453
uf250,0.09,13,1383,7,200,0.035,178766.62673126097
uf250,0.09,14,1383,34,200,0.17,34181.102265342284
uf250,0.09,15,1383,16,200,0.08,76383.15508971535
uf250,0.09,16,1383,81,200,0.405,12266.998308485228
uf250,0.09,17,1383,39,200,0.195,29361.773251544313
uf250,0.09,18,1383,9,200,0.045,138323.31843260824
uf250,0.09,19,1383,102,200,0.51,8928.227894129215
uf250,0.09,20,1383,67,200,0.335,15611.387772123087
uf50,1.0,1,121,43,200,0.215,2301.9044027431332
uf50,1.0,2,121,7,200,0.035,15640.464088562963
uf50,1.0,3,121,156,200,0.78,368.0175592165896
uf50,1.0,4,121,37,200,0.185,2723.9248805417196
uf50,1.0,5,121,165,199,0.8291457286432161,315.36115341632194
uf50,1.0,6,121,13,200,0.065,8290.967992205708
uf50,1.0,7,121,94,200,0.47,877.6888683976154
uf50,1.0,8,121,26,198,0.13131313131313133,3958.3397270413684
uf50,1.0,9,121,61,200,0.305,1531.4982801005951
uf50,1.0,10,121,74,200,0.37,1206.0234359309104
uf50,1.0,11,121,28,200,0.14,3694.569129958709
uf50,1.0,12,121,38,199,0.19095477386934673,2629.6573079085942
uf50,1.0,13,121,89,200,0.445,946.3956169654124
uf50,1.0,14,121,55,200,0.275,1732.7548752410914
uf50,1.0,15,121,83,200,0.415,1039.3218670710075
uf50,1.0,16,121,72,200,0.36,1248.5809901804566
uf50,1.0,17,121,34,200,0.17,2990.5375083922027
uf50,1.0,18,121,125,200,0.625,568.1168162486455
uf50,1.0,19,121,19,200,0.095,5582.285322215932
uf50,1.0,20,121,93,200,0.465,890.8646024989445
uf50,2.0,1,72,21,200,0.105,2988.980334154605
uf50,2.0,2,72,4,200,0.02,16412.268325226312
uf50,2.0,3,72,98,200,0.49,492.4258342686223
uf50,2.0,4,72,17,200,0.085,3732.6097388045564
uf50,2.0,5,72,150,200,0.75,239.1788228318901
uf50,2.0,6,72,5,200,0.025,13096.404459536483
uf50,2.0,7,72,61,200,0.305,911.3047617127509
uf50,2.0,8,72,11,200,0.055,5861.237285385544
uf50,2.0,9,72,33,200,0.165,1838.7628559591656
uf50,2.0,10,72,43,200,0.215,1369.7282396488065
uf50,2.0,11,72,18,200,0.09,3515.7445079403847
uf50,2.0,12,72,26,200,0.13,2380.922958705521
uf50,2.0,13,72,42,200,0.21,1406.6221407124551
uf50,2.0,14,72,30,200,0.15,2040.2069741400933
uf50,2.0,15,72,69,200,0.345,783.6363665696423
uf50,2.0,16,72,39,200,0.195,1528.5955705793135
uf50,2.0,17,72,22,200,0.11,2845.2878661665627
uf50,2.0,18,72,85,200,0.425,599.170759376895
uf50,2.0,19,72,12,200,0.06,5358.708524987236
uf50,2.0,20,72,70,200,0.35,769.6968496308263
uf50,3.0,1,59,7,200,0.035,7626.341993596816
uf50,3.0,2,59,6,200,0.03,8920.292529268903
uf50,3.0,3,59,81,200,0.405,523.3209690532382
uf50,3.0,4,59,13,200,0.065,4042.7034011581545
uf50,3.0,5,59,125,200,0.625,277.0156376749593
uf50,3.0,6,59,10,200,0.05,5297.086962681871
uf50,3.0,7,59,49,200,0.245,966.792731317139
uf50,3.0,8,59,8,200,0.04,6655.849234374916
uf50,3.0,9,59,23,200,0.115,2224.034567376992
uf50,3.0,10,59,36,200,0.18,1369.1295325712651
uf50,3.0,11,59,20,200,0.1,2578.812748560374
uf50,3.0,12,59,18,200,0.09,2880.957305117815
uf50,3.0,13,59,30,200,0.15,1671.8362704759095
uf50,3.0,14,59,18,200,0.09,2880.957305117815
uf50,3.0,15,59,55,200,0.275,844.8970052828462
uf50,3.0,16,59,35,200,0.175,1412.394696720214
uf50,3.0,17,59,27,200,0.135,1873.4948770287513
uf50,3.0,18,59,79,200,0.395,540.6776905140167
uf50,3.0,19,59,10,200,0.05,5297.086962681871
uf50,3.0,20,59,44,200,0.22,1093.5504890596408
uf50,4.0,1,49,11,200,0.055,3988.897596998495
uf50,4.0,2,49,3,200,0.015,14930.445068849844
uf50,4.0,3,49,63,200,0.315,596.4356451734743
uf50,4.0,4,49,5,200,0.025,8912.830812740105
uf50,4.0,5,49,109,200,0.545,286.5592567765844
uf50,4.0,6,49,7,200,0.035,6333.741655699051
uf50,4.0,7,49,35,200,0.175,1173.0057650727201
uf50,4.0,8,49,4,200,0.02,11169.46038800124
uf50,4.0,9,49,27,200,0.135,1555.953372447607
uf50,4.0,10,49,22,200,0.11,1936.376464474466
uf50,4.0,11,49,6,200,0.03,7408.378541257225
uf50,4.0,12,49,14,200,0.07,3109.4279288056896
uf50,4.0,13,49,32,200,0.16,1294.2297411523225
uf50,4.0,14,49,21,200,0.105,2034.167171855217
uf50,4.0,15,49,43,200,0.215,932.1761630943266
uf50,4.0,16,49,24,200,0.12,1765.2146419056742
uf50,4.0,17,49,24,200,0.12,1765.2146419056742
uf50,4.0,18,49,58,200,0.29,658.8605085129099
uf50,4.0,19,49,7,200,0.035,6333.741655699051
uf50,4.0,20,49,39,200,0.195,1040.294207755366
uf50,5.0,1,39,5,200,0.025,7093.885748915594
uf50,5.0,2,39,3,200,0.015,11883.41546296212
uf50,5.0,3,39,36,200,0.18,905.0178266149042
uf50,5.0,4,39,5,200,0.025,7093.885748915594
uf50,5.0,5,39,86,200,0.43,319.5082596463653
uf50,5.0,6,39,4,200,0.02,8889.978676164252
uf50,5.0,7,39,19,200,0.095,1799.2489881522424
uf50,5.0,8,39,4,200,0.02,8889.978676164252
uf50,5.0,9,39,7,200,0.035,5041.141317801286
uf50,5.0,10,39,10,200,0.05,3501.464263467678
uf50,5.0,11,39,1,200,0.005,35830.4516103852
uf50,5.0,12,39,9,200,0.045,3900.657569683096
uf50,5.0,13,39,13,200,0.065,2672.2954685621703
uf50,5.0,14,39,10,200,0.05,3501.464263467678
uf50,5.0,15,39,17,200,0.085,2021.8302751858014
uf50,5.0,16,39,14,200,0.07,2474.8508004779983
uf50,5.0,17,39,5,200,0.025,7093.885748915594
uf50,5.0,18,39,44,200,0.22,722.8554080224744
uf50,5.0,19,39,6,200,0.03,5896.464553245547
uf50,5.0,20,39,17,200,0.085,2021.8302751858014
uf50,0.5,1,151,29,198,0.14646464646464646,4390.907958430854
uf50,0.5,2,151,9,200,0.045,15102.545974926858
uf50,0.5,3,151,163,199,0.8190954773869347,406.706303794491
uf50,0.5,4,151,34,200,0.17,3731.993088985311
uf50,0.5,5,151,177,200,0.885,321.5152833393799
uf50,0.5,6,151,6,200,0.03,22829.90121897635
uf50,0.5,7,151,124,200,0.62,718.6773233233595
uf50,0.5,8,151,17,199,0.08542713567839195,7787.180297394869
uf50,0.5,9,151,60,200,0.3,1949.6202632154902
uf50,0.5,10,151,93,200,0.465,1111.7401237796744
uf50,0.5,11,151,29,200,0.145,4438.9644776770865
uf50,0.5,12,151,40,190,0.21052631578947367,2941.6823580993187
uf50,0.5,13,151,86,200,0.43,1237.0704411949014
uf50,0.5,14,151,63,200,0.315,1837.995559616217
uf50,0.5,15,151,101,200,0.505,988.8838937186333
uf50,0.5,16,151,90,200,0.45,1163.1610241676135
uf50,0.5,17,151,46,200,0.23,2660.575538509087
uf50,0.5,18,151,131,199,0.6582914572864321,647.5903924725212
uf50,0.5,19,151,18,200,0.09,7373.297509708307
uf50,0.5,20,151,87,200,0.435,1217.9798728587095
uf50,0.6,1,134,36,200,0.18,3109.5484299076193
uf50,0.6,2,134,6,200,0.03,20259.647439356493
uf50,0.6,3,134,155,200,0.775,413.6967702981351
uf50,0.6,4,134,30,200,0.15,3797.051868538507
uf50,0.6,5,134,168,200,0.84,336.73417369409606
uf50,0.6,6,134,8,200,0.04,15116.67453230913
uf50,0.6,7,134,106,200,0.53,817.3170151095285
uf50,0.6,8,134,22,200,0.11,5295.396862032214
uf50,0.6,9,134,57,200,0.285,1839.4722973624848
uf50,0.6,10,134,94,200,0.47,971.9860195477723
uf50,0.6,11,134,32,200,0.16,3539.3221492736984
uf50,0.6,12,134,50,200,0.25,2145.051304946493
uf50,0.6,13,134,65,200,0.325,1570.0405594477627
uf50,0.6,14,134,58,200,0.29,1801.7817987904066
uf50,0.6,15,134,101,200,0.505,877.552594425807
uf50,0.6,16,134,80,200,0.4,1208.0302479209508
uf50,0.6,17,134,44,200,0.22,2483.657042949015
uf50,0.6,18,134,132,200,0.66,572.0126793614759
uf50,0.6,19,134,22,200,0.11,5295.396862032214
uf50,0.6,20,134,85,200,0.425,1115.1233577292212
uf50,0.7,1,132,42,200,0.21,2578.8072579728346
uf50,0.7,2,132,8,200,0.04,14891.05252436422
uf50,0.7,3,132,161,200,0.805,371.84911296401515
uf50,0.7,4,132,35,200,0.175,3159.9338977469197
uf50,0.7,5,132,155,200,0.775,407.52219163696896
uf50,0.7,6,132,8,200,0.04,14891.05252436422
uf50,0.7,7,132,113,200,0.565,730.2687543282029
uf50,0.7,8,132,25,200,0.125,4552.356210795575
uf50,0.7,9,132,61,200,0.305,1670.7253964733766
uf50,0.7,10,132,97,200,0.485,916.0535121046918
uf50,0.7,11,132,33,200,0.165,3371.0652359251367
uf50,0.7,12,132,49,200,0.245,2162.9939073535993
uf50,0.7,13,132,78,200,0.39,1229.7936232230559
uf50,0.7,14,132,61,200,0.305,1670.7253964733766
uf50,0.7,15,132,90,200,0.45,1016.803014504139
uf50,0.7,16,132,77,200,0.385,1250.4447354446909
uf50,0.7,17,132,40,200,0.2,2724.176705848269
uf50,0.7,18,132,128,200,0.64,594.9999728565878
uf50,0.7,19,132,18,200,0.09,6445.531597890706
uf50,0.7,20,132,90,200,0.45,1016.803014504139
uf50,0.8,1,115,30,200,0.15,3258.6639170293156
uf50,0.8,2,115,13,200,0.065,7879.845612426912
uf50,0.8,3,115,149,200,0.745,387.5578302304994
uf50,0.8,4,115,23,200,0.115,4334.9826313280355
uf50,0.8,5,115,166,200,0.83,298.8755475620051
uf50,0.8,6,115,7,200,0.035,14864.903885824304
uf50,0.8,7,115,98,200,0.49,786.5134852901606
uf50,0.8,8,115,22,200,0.11,4544.557008460482
uf50,0.8,9,115,63,200,0.315,1399.7979427540724
uf50,0.8,10,115,73,200,0.365,1166.1732207866025
uf50,0.8,11,115,21,200,0.105,4774.065811496938
uf50,0.8,12,115,35,200,0.175,2752.9727139461797
uf50,0.8,13,115,76,200,0.38,1107.8554584069288
uf50,0.8,14,115,56,200,0.28,1612.1400756773955
uf50,0.8,15,115,90,200,0.45,885.8511111210302
uf50,0.8,16,115,78,200,0.39,1071.4111111412985
uf50,0.8,17,115,36,200,0.18,2668.6423092490763
uf50,0.8,18,115,108,200,0.54,682.0024943702554
uf50,0.8,19,115,19,200,0.095,5305.477785577125
uf50,0.8,20,115,83,200,0.415,987.7852455633542
uf50,0.9,1,141,33,200,0.165,3600.9105929200323
uf50,0.9,2,141,9,200,0.045,14102.377367315807
uf50,0.9,3,141,162,200,0.81,390.98982036173265
uf50,0.9,4,141,39,200,0.195,2993.4996590511555
uf50,0.9,5,141,172,200,0.86,330.2602870021562
uf50,0.9,6,141,6,200,0.03,21317.987230964667
uf50,0.9,7,141,114,200,0.57,769.3744352779214
uf50,0.9,8,141,19,200,0.095,6504.977111011953
uf50,0.9,9,141,78,200,0.39,1313.6431884428096
uf50,0.9,10,141,87,200,0.435,1137.3189541263446
uf50,0.9,11,141,18,200,0.09,6884.999661383253
uf50,0.9,12,141,36,200,0.18,3271.9875269923455
uf50,0.9,13,141,97,200,0.485,978.5117061118298
uf50,0.9,14,141,57,200,0.285,1935.5641337918682
uf50,0.9,15,141,104,200,0.52,884.6815619380322
uf50,0.9,16,141,84,200,0.42,1192.0260737824146
uf50,0.9,17,141,44,200,0.22,2613.4003213120227
uf50,0.9,18,141,146,200,0.73,495.9233728447188
uf50,0.9,19,141,25,200,0.125,4862.744134258909
uf50,0.9,20,141,97,200,0.485,978.5117061118298
uf75,1.0,1,148,94,200,0.47,1073.5367977094797
uf75,1.0,2,148,79,200,0.395,1356.276240611432
uf75,1.0,3,148,4,200,0.02,33736.329335187416
uf75,1.0,4,148,9,200,0.045,14802.495392643541
uf75,1.0,5,148,20,200,0.1,6468.886216727718
uf75,1.0,6,148,23,200,0.115,5578.934169013472
uf75,1.0,7,148,12,200,0.06,11015.123079140429
uf75,1.0,8,148,2,200,0.01,67815.16532990149
uf75,1.0,9,148,75,200,0.375,1450.127499270627
uf75,1.0,10,148,96,200,0.48,1042.2657920991987
uf75,1.0,11,148,14,200,0.07,9391.741499249838
uf75,1.0,12,148,3,200,0.015,45096.0381671383
uf75,1.0,13,148,65,200,0.325,1734.074647748275
uf75,1.0,14,148,49,200,0.245,2425.174987032823
uf75,1.0,15,148,10,200,0.05,13287.607974185032
uf75,1.0,16,148,11,200,0.055,12048.098864403617
uf75,1.0,17,148,64,200,0.32,1767.258215243678
uf75,1.0,18,148,91,200,0.455,1122.8986055057635
uf75,1.0,19,148,10,200,0.05,13287.607974185032
uf75,1.0,20,148,24,200,0.12,5331.668714327342
uf75,0.1,1,721,191,200,0.955,1070.6960190447312
uf75,0.1,2,721,165,197,0.8375634517766497,1826.897652167958
uf75,0.1,3,721,27,200,0.135,22894.742480300505
uf75,0.1,4,721,11,200,0.055,58693.778927263564
uf75,0.1,5,721,46,200,0.23,12703.807703742063
uf75,0.1,6,721,61,200,0.305,9125.704627706851
uf75,0.1,7,721,37,200,0.185,16230.990403889089
uf75,0.1,8,721,14,199,0.07035175879396985,45515.74004033447
uf75,0.1,9,721,172,200,0.86,1688.777779635139
uf75,0.1,10,721,168,199,0.8442211055276382,1785.7775712736993
uf75,0.1,11,721,51,200,0.255,11279.395798285004
uf75,0.1,12,721,20,200,0.1,31513.96596122085
uf75,0.1,13,721,163,200,0.815,1967.718844767793
uf75,0.1,14,721,130,200,0.65,3162.7526479144944
uf75,0.1,15,721,55,199,0.27638190954773867,10264.033045605413
uf75,0.1,16,721,75,197,0.38071065989847713,6929.14793236691
uf75,0.1,17,721,122,200,0.61,3526.2293867859025
uf75,0.1,18,721,181,200,0.905,1410.577420607899
uf75,0.1,19,721,41,200,0.205,14473.135026170714
uf75,0.1,20,721,84,200,0.42,6095.395738986674
uf75,0.2,1,447,174,200,0.87,1008.9648357444381
uf75,0.2,2,447,149,200,0.745,1506.4204357655062
uf75,0.2,3,447,16,200,0.08,24687.831037673728
uf75,0.2,4,447,15,200,0.075,26404.186401783907
uf75,0.2,5,447,34,200,0.17,11047.68815083731
uf75,0.2,6,447,47,200,0.235,7684.468182846072
uf75,0.2,7,447,35,200,0.175,10700.685244642977
uf75,0.2,8,447,16,200,0.08,24687.831037673728
uf75,0.2,9,447,155,200,0.775,1380.0183307706448
uf75,0.2,10,447,147,200,0.735,1550.053930436986
uf75,0.2,11,447,38,200,0.19,9768.892361071928
uf75,0.2,12,447,14,200,0.07,28365.597636247825
uf75,0.2,13,447,147,200,0.735,1550.053930436986
uf75,0.2,14,447,112,200,0.56,2507.381043249835
uf75,0.2,15,447,30,200,0.15,12666.28496445308
uf75,0.2,16,447,43,200,0.215,8503.729487819674
uf75,0.2,17,447,108,200,0.54,2650.9140433348184
uf75,0.2,18,447,171,200,0.855,1066.0218097837096
uf75,0.2,19,447,27,200,0.135,14194.10525477715
uf75,0.2,20,447,62,200,0.31,5547.595133592443
uf75,0.3,1,352,166,200,0.83,914.8190673202243
uf75,0.3,2,352,126,200,0.63,1630.3909469736466
uf75,0.3,3,352,13,200,0.065,24119.17961368933
uf75,0.3,4,352,9,200,0.045,35205.934987908964
uf75,0.3,5,352,32,200,0.16,9297.323854808521
uf75,0.3,6,352,32,200,0.16,9297.323854808521
uf75,0.3,7,352,24,200,0.12,12680.725590832599
uf75,0.3,8,352,13,200,0.065,24119.17961368933
uf75,0.3,9,352,145,200,0.725,1255.6466058444826
uf75,0.3,10,352,143,200,0.715,1291.3755156210943
uf75,0.3,11,352,40,200,0.2,7264.471215595384
uf75,0.3,12,352,11,200,0.055,28654.937839662656
uf75,0.3,13,352,131,200,0.655,1523.2130806261068
uf75,0.3,14,352,75,200,0.375,3448.951890157167
uf75,0.3,15,352,26,200,0.13,11640.06779811588
uf75,0.3,16,352,29,200,0.145,10347.784742664466
uf75,0.3,17,352,85,200,0.425,2929.27926806482
uf75,0.3,18,352,151,200,0.755,1152.5227757984085
uf75,0.3,19,352,36,200,0.18,8168.366024831956
uf75,0.3,20,352,51,200,0.255,5506.7230526994745
uf75,0.4,1,293,154,200,0.77,918.1036446016029
uf75,0.4,2,293,124,200,0.62,1394.5195743956579
uf75,0.4,3,293,9,200,0.045,29304.94020300377
uf75,0.4,4,293,8,200,0.04,33053.62416392967
uf75,0.4,5,293,35,200,0.175,7014.095697271571
uf75,0.4,6,293,45,200,0.225,5293.6676829506305
uf75,0.4,7,293,14,200,0.07,18593.10986000137
uf75,0.4,8,293,12,200,0.06,21806.96663640639
uf75,0.4,9,293,122,200,0.61,1432.9891960170173
uf75,0.4,10,293,132,200,0.66,1250.7441421859137
uf75,0.4,11,293,44,200,0.22,5430.682937194487
uf75,0.4,12,293,7,200,0.035,37873.18990040453
uf75,0.4,13,293,110,200,0.55,1689.795691244685
uf75,0.4,14,293,65,200,0.325,3432.999133717869
uf75,0.4,15,293,25,200,0.125,10104.851286084117
uf75,0.4,16,293,21,200,0.105,12163.489415379154
uf75,0.4,17,293,87,200,0.435,2363.364918858291
uf75,0.4,18,293,137,200,0.685,1168.0532736465857
uf75,0.4,19,293,28,200,0.14,8946.353347751254
uf75,0.4,20,293,61,200,0.305,3708.504099747722
uf75,0.5,1,249,146,200,0.73,875.7795733215246
uf75,0.5,2,249,129,200,0.645,1107.228531150612
uf75,0.5,3,249,3,200,0.015,75871.0371866043
uf75,0.5,4,249,4,200,0.02,56759.09462474099
uf75,0.5,5,249,21,200,0.105,10336.890322284673
uf75,0.5,6,249,33,200,0.165,6359.05487685878
uf75,0.5,7,249,20,200,0.1,10883.46397273785
uf75,0.5,8,249,12,200,0.06,18532.200315580856
uf75,0.5,9,249,120,200,0.6,1251.4449141765658
uf75,0.5,10,249,117,200,0.585,1303.8290834870327
uf75,0.5,11,249,31,200,0.155,6808.553359425369
uf75,0.5,12,249,9,200,0.045,24904.198329515148
uf75,0.5,13,249,100,200,0.5,1654.3201912539062
uf75,0.5,14,249,68,200,0.34,2759.674503017568
uf75,0.5,15,249,20,200,0.1,10883.46397273785
uf75,0.5,16,249,17,200,0.085,12908.608680032423
uf75,0.5,17,249,81,200,0.405,2208.591886343327
uf75,0.5,18,249,126,200,0.63,1153.316323285335
uf75,0.5,19,249,23,200,0.115,9386.179784353746
uf75,0.5,20,249,42,200,0.21,4864.568236630574
uf75,0.6,1,227,128,200,0.64,1023.2196502912533
uf75,0.6,2,227,99,200,0.495,1530.1206858139979
uf75,0.6,3,227,8,198,0.04040404040404041,25346.717824723048
uf75,0.6,4,227,9,200,0.045,22703.82739277084
uf75,0.6,5,227,20,200,0.1,9921.872778359408
uf75,0.6,6,227,34,200,0.17,5610.347226487852
uf75,0.6,7,227,14,200,0.07,14404.900813038605
uf75,0.6,8,227,6,200,0.03,34320.44752786511
uf75,0.6,9,227,112,199,0.5628140703517588,1263.4491103847477
uf75,0.6,10,227,122,200,0.61,1110.1998208049931
uf75,0.6,11,227,19,196,0.09693877551020408,10252.286413533444
uf75,0.6,12,227,5,200,0.025,41290.05294881641
uf75,0.6,13,227,106,200,0.53,1384.5594211183804
uf75,0.6,14,227,54,200,0.27,3321.6966670514025
uf75,0.6,15,227,19,200,0.095,10472.551802834847
uf75,0.6,16,227,17,200,0.085,11768.08903761992
uf75,0.6,17,227,85,200,0.425,1889.0522552577108
uf75,0.6,18,227,114,200,0.57,1238.638275234668
uf75,0.6,19,227,25,200,0.125,7828.67318068633
uf75,0.6,20,227,43,200,0.215,4318.448755559431
uf75,0.7,1,273,138,200,0.69,1073.454345418686
uf75,0.7,2,273,113,200,0.565,1510.328560087874
uf75,0.7,3,273,8,200,0.04,30797.404084480542
uf75,0.7,4,273,4,200,0.02,62229.85073314976
uf75,0.7,5,273,20,200,0.1,11932.472548423426
uf75,0.7,6,273,37,200,0.185,6145.714813123052
uf75,0.7,7,273,15,200,0.075,16126.046728606278
uf75,0.7,8,273,7,200,0.035,35287.989224608995
uf75,0.7,9,273,137,200,0.685,1088.3226747628598
uf75,0.7,10,273,138,200,0.69,1073.454345418686
uf75,0.7,11,273,28,200,0.14,8335.680764287003
uf75,0.7,12,273,5,200,0.025,49657.200242409155
uf75,0.7,13,273,109,200,0.545,1596.5444306123984
uf75,0.7,14,273,61,200,0.305,3455.3638881608467
uf75,0.7,15,273,23,200,0.115,10290.871811761335
uf75,0.7,16,273,16,200,0.08,15077.802848512141
uf75,0.7,17,273,89,200,0.445,2135.2562267070875
uf75,0.7,18,273,119,200,0.595,1390.9234158881811
uf75,0.7,19,273,17,200,0.085,14152.811926300608
uf75,0.7,20,273,54,200,0.27,3994.8158154406733
uf75,0.8,1,185,98,200,0.49,1265.260824162432
uf75,0.8,2,185,111,200,0.555,1052.2125229048845
uf75,0.8,3,185,3,200,0.015,56370.04770892287
uf75,0.8,4,185,7,200,0.035,23913.10625110866
uf75,0.8,5,185,22,200,0.11,7310.809100566862
uf75,0.8,6,185,28,200,0.14,5648.721397044306
uf75,0.8,7,185,12,200,0.06,13768.903848925536
uf75,0.8,8,185,5,200,0.025,33650.48368075346
uf75,0.8,9,185,101,200,0.505,1211.5464923042857
uf75,0.8,10,185,106,200,0.53,1128.385431307931
uf75,0.8,11,185,25,200,0.125,6380.196204524101
uf75,0.8,12,185,4,200,0.02,42170.41166898427
uf75,0.8,13,185,91,200,0.455,1403.6232568822043
uf75,0.8,14,185,55,200,0.275,2649.253321649602
uf75,0.8,15,185,16,200,0.08,10217.558706867201
uf75,0.8,16,185,16,200,0.08,10217.558706867201
uf75,0.8,17,185,70,200,0.35,1977.6932941903171
uf75,0.8,18,185,100,200,0.5,1229.1133951083239
uf75,0.8,19,185,21,200,0.105,7680.018914147247
uf75,0.8,20,185,31,200,0.155,5058.563740938528
uf75,0.9,1,176,103,200,0.515,1120.0978406562758
uf75,0.9,2,176,108,200,0.54,1043.7603392101298
uf75,0.9,3,176,6,200,0.03,26609.686189005544
uf75,0.9,4,176,2,200,0.01,80645.06147339636
uf75,0.9,5,176,15,200,0.075,10396.279209650935
uf75,0.9,6,176,28,200,0.14,5373.918734485394
uf75,0.9,7,176,20,200,0.1,7692.729555027558
uf75,0.9,8,176,5,200,0.025,32013.4331233114
uf75,0.9,9,176,94,200,0.47,1276.638354032895
uf75,0.9,10,176,110,200,0.55,1015.0308589046573
uf75,0.9,11,176,17,200,0.085,9124.157139300027
uf75,0.9,12,176,6,200,0.03,26609.686189005544
uf75,0.9,13,176,86,200,0.43,1441.8834281476995
uf75,0.9,14,176,55,200,0.275,2520.3707276234054
uf75,0.9,15,176,14,200,0.07,11168.557458567375
uf75,0.9,16,176,13,200,0.065,12059.589806844666
uf75,0.9,17,176,61,200,0.305,2227.633861964502
uf75,0.9,18,176,101,200,0.505,1152.606392678672
uf75,0.9,19,176,16,200,0.08,9720.488283289878
uf75,0.9,20,176,32,200,0.16,4648.6619274042605
